word,count
crypto,46949
market,45189
bitcoin,39484
price,38248
token,25829
investor,24138
asset,23164
could,20554
xrp,19537
ai,18822
potential,17208
coin,16857
million,16816
new,16022
ethereum,14663
trading,14054
presale,13849
digital,13651
investment,13568
like,13331
user,13216
finance,12922
project,12788
financial,12572
blockchain,11997
also,11781
platform,11707
one,11501
may,11079
btc,11073
exchange,10760
time,10721
level,10253
growth,10059
solana,10054
significant,10044
cryptocurrency,10009
meme,9890
key,9872
support,9705
etf,9670
future,9616
first,9540
company,9469
u,9463
trump,8984
move,8904
network,8802
billion,8785
next,8578
analyst,8444
strong,8431
value,8393
early,8280
risk,8231
security,8187
transaction,8180
data,8163
community,8144
high,7970
ecosystem,7757
defi,7735
major,7579
eth,7412
development,7409
global,7401
gain,7384
http,7384
momentum,7311
trend,7285
interest,7260
institutional,7223
year,7079
decentralized,7036
offer,7005
opportunity,6911
strategy,6869
current,6802
regulatory,6759
recent,6726
still,6725
top,6703
trader,6668
post,6650
make,6616
trade,6530
making,6479
launch,6269
adoption,6241
even,6215
fund,6211
world,6182
bullish,6162
wallet,6102
around,6016
said,5992
would,5990
day,5816
however,5809
ripple,5757
according,5735
week,5704
return,5620
already,5600
buy,5580
growing,5533
resistance,5506
holding,5497
might,5449
signal,5445
within,5433
liquidity,5352
broader,5350
past,5329
model,5291
technology,5249
demand,5244
system,5185
sec,5172
position,5166
payment,5164
holder,5161
increase,5145
daily,5132
month,5131
traditional,5106
surge,5040
across,5015
appeared,5010
sentiment,4997
capital,4994
remains,4970
stablecoin,4867
best,4856
bank,4842
supply,4838
many,4835
industry,4825
use,4818
mutuum,4801
volume,4800
action,4795
shift,4788
real,4785
last,4749
phase,4729
activity,4703
firm,4675
reserve,4546
reward,4544
set,4542
volatility,4537
space,4528
offering,4517
often,4491
news,4490
staking,4467
potentially,4454
strategic,4449
mutm,4417
currently,4401
rally,4399
dogecoin,4384
cryptocurrencies,4373
point,4370
rate,4351
show,4347
whale,4341
service,4266
since,4262
chart,4250
utility,4226
breakout,4226
including,4201
access,4185
protocol,4185
see,4171
innovation,4159
smart,4128
hold,4124
approach,4113
despite,4098
legal,4094
contract,4087
infrastructure,4048
technical,4036
challenge,4023
without,4019
attention,4002
cardano,3994
case,3993
binance,3977
rise,3952
sol,3908
ruvi,3905
continue,3871
bull,3869
stage,3869
listing,3846
another,3842
low,3835
spot,3830
pepe,3824
altcoins,3812
business,3799
get,3790
altcoin,3786
among,3783
clear,3771
tariff,3763
near,3762
report,3748
need,3743
movement,3729
economic,3716
x,3684
pressure,3682
continues,3677
feature,3663
solution,3650
qubetics,3639
mean,3627
latest,3625
leading,3623
back,3619
total,3603
april,3589
target,3551
stock,3534
way,3520
looking,3519
treasury,3511
big,3505
source,3500
toward,3494
focus,3486
tool,3478
loss,3474
dollar,3462
secure,3462
decision,3446
application,3443
fee,3438
analysis,3436
massive,3422
higher,3414
plan,3401
coinbase,3398
stablecoins,3391
impact,3388
mining,3378
currency,3343
today,3333
crucial,3307
policy,3307
share,3297
confidence,3290
landscape,3287
performance,3286
prediction,3285
hit,3249
two,3191
public,3190
regulation,3166
state,3160
lead,3160
money,3151
raised,3143
president,3141
developer,3120
large,3115
used,3105
doge,3095
come,3092
increased,3088
team,3086
article,3068
selling,3064
beyond,3056
ada,3052
benefit,3051
amid,3029
due,3015
product,2991
following,2979
government,2979
say,2977
march,2972
buying,2962
website,2944
event,2935
seen,2933
drop,2929
decline,2929
per,2918
suggests,2914
player,2911
telegram,2898
inu,2898
reach,2892
cap,2890
open,2878
concern,2872
recently,2863
take,2852
worth,2835
hour,2820
advice,2790
reading,2783
change,2780
part,2764
range,2755
mark,2752
long,2751
indicator,2748
rising,2736
building,2734
sector,2724
right,2721
shiba,2720
pattern,2716
medium,2713
likely,2708
stand,2693
view,2692
especially,2691
cycle,2669
help,2663
blockdag,2662
act,2650
social,2635
wave,2633
term,2627
made,2625
based,2625
uncertainty,2625
using,2614
official,2612
bonus,2607
information,2602
role,2601
directly,2596
average,2594
research,2591
index,2590
profit,2587
moving,2585
integration,2583
tax,2579
sui,2573
critical,2569
insight,2556
july,2556
become,2555
hype,2546
june,2539
break,2538
roi,2531
several,2530
period,2530
ongoing,2526
ahead,2522
end,2522
cost,2518
inflow,2512
remain,2500
unique,2498
learn,2498
whether,2492
factor,2489
power,2485
follow,2475
dynamic,2471
trust,2471
face,2465
lower,2462
buyer,2456
designed,2451
chain,2447
zone,2446
shib,2445
experience,2444
upside,2435
positive,2434
highlight,2431
sign,2411
strength,2402
bearish,2397
step,2382
expected,2381
join,2378
fast,2375
yet,2364
keep,2360
partnership,2345
increasing,2340
explore,2324
structure,2323
related,2322
institution,2321
stability,2311
provide,2309
layer,2308
address,2303
ceo,2298
built,2295
portfolio,2286
build,2281
purchase,2280
management,2277
go,2277
different,2260
number,2256
people,2256
transfer,2251
retail,2233
option,2229
control,2222
push,2214
aim,2211
dawgz,2211
gold,2210
framework,2208
run,2203
process,2201
look,2198
invest,2192
country,2189
transparency,2185
entry,2184
substantial,2180
robust,2177
lending,2169
every,2169
operation,2161
tabloid,2153
account,2139
economy,2126
participant,2116
behind,2115
gaining,2113
announced,2096
innovative,2091
tech,2090
particularly,2088
expert,2087
let,2082
foundation,2074
magacoin,2074
play,2072
inflation,2072
yield,2069
environment,2061
federal,2056
emerging,2055
recovery,2044
disclaimer,2042
provides,2029
bill,2027
include,2023
nearly,2022
question,2020
full,2017
meanwhile,2016
release,2009
coming,2008
approval,2003
core,2001
base,2000
link,1990
close,1990
conclusion,1986
much,1985
start,1964
possible,1948
understanding,1943
game,1943
deal,1942
three,1941
success,1933
group,1933
update,1930
sold,1927
income,1916
announcement,1913
revenue,1909
hodl,1908
work,1901
consider,1899
evolving,1893
final,1893
magacoinfinance,1885
shaping,1879
active,1877
towards,1869
short,1866
earn,1865
eye,1865
speed,1860
forecast,1853
