symbol,date,open,high,low,close,usd_volume,crypto_volume,usd_volume_mil
USDE,2023-11-24,1.0002290404534,1.0002290404534,0.999300517922102,0.999300517922102,599.025611290945,599.177183639111,0.000599025611290945
USDE,2023-11-25,0.999300517922102,0.999656993941335,0.999300517922102,0.999656993941335,681.243390845939,681.567860210624,0.0006812433908459389
USDE,2023-11-26,0.999656993941335,0.999656993941335,0.999656993941335,0.999656993941335,0.0,0.0,0.0
USDE,2023-11-27,0.999656993941335,0.999656993941335,0.999149442177024,0.999149442177024,399.773380815491,400.106958736164,0.00039977338081549103
USDE,2023-11-28,0.999149442177024,0.999149442177024,0.999149442177024,0.999149442177024,0.0,0.0,0.0
USDE,2023-11-29,0.999149442177024,0.999149442177024,0.999149442177024,0.999149442177024,0.0,0.0,0.0
USDE,2023-11-30,0.999149442177024,0.999149442177024,0.999149442177024,0.999149442177024,0.0,0.0,0.0
USDE,2023-12-01,0.999149442177024,0.999149442177024,0.999149442177024,0.999149442177024,0.0,0.0,0.0
USDE,2023-12-02,0.999149442177024,0.999149442177024,0.999149442177024,0.999149442177024,0.0,0.0,0.0
USDE,2023-12-03,0.999149442177024,0.999149442177024,0.998885723462124,0.999125548909386,287.345462069173,287.620955071745,0.00028734546206917296
USDE,2023-12-04,0.999125548909386,0.999241812402396,0.997531682455456,0.998104270514572,2440.49123498002,2445.05196316212,0.00244049123498002
USDE,2023-12-05,0.998104270514572,0.998104270514572,0.998104270514572,0.998104270514572,0.0,0.0,0.0
USDE,2023-12-06,0.998104270514572,0.998104270514572,0.998104270514572,0.998104270514572,0.0,0.0,0.0
USDE,2023-12-07,0.998104270514572,0.998104270514572,0.998104270514572,0.998104270514572,0.0,0.0,0.0
USDE,2023-12-08,0.998104270514572,0.998700495107996,0.998104270514572,0.998700495107996,99.9968729565744,100.12698846791,9.99968729565744e-05
USDE,2023-12-09,0.998700495107996,0.999593898979664,0.998700495107996,0.999593898979664,400.151577089332,400.400888490114,0.000400151577089332
USDE,2023-12-10,0.999593898979664,0.999775928937269,0.999593898979664,0.999775928937269,192.034628621585,192.077667668707,0.000192034628621585
USDE,2023-12-11,0.999775928937269,0.999775928937269,0.999775928937269,0.999775928937269,0.0,0.0,0.0
USDE,2023-12-12,0.999775928937269,0.999775928937269,0.999775928937269,0.999775928937269,0.0,0.0,0.0
USDE,2023-12-13,0.999775928937269,0.999775928937269,0.999775928937269,0.999775928937269,0.0,0.0,0.0
USDE,2023-12-14,0.999775928937269,0.999800891733707,0.999560898283712,0.999560898283712,119.952107663045,120.0,0.000119952107663045
USDE,2023-12-15,0.999560898283712,0.999560898283712,0.999560898283712,0.999560898283712,0.0,0.0,0.0
USDE,2023-12-16,0.999560898283712,0.999560898283712,0.999560898283712,0.999560898283712,0.0,0.0,0.0
USDE,2023-12-17,0.999560898283712,0.999560898283712,0.999560898283712,0.999560898283712,0.0,0.0,0.0
USDE,2023-12-18,0.999560898283712,0.999560898283712,0.999560898283712,0.999560898283712,0.0,0.0,0.0
USDE,2023-12-19,0.999560898283712,1.00399483201091,0.997785686225096,1.00399483201091,7238.72090549691,7230.30493156815,0.00723872090549691
USDE,2023-12-20,1.00399483201091,1.00399483201091,1.00399483201091,1.00399483201091,0.0,0.0,0.0
USDE,2023-12-21,1.00399483201091,1.00399483201091,1.00399483201091,1.00399483201091,0.0,0.0,0.0
USDE,2023-12-22,1.00399483201091,1.00399483201091,1.00399483201091,1.00399483201091,0.0,0.0,0.0
USDE,2023-12-23,1.00399483201091,1.00399483201091,1.00368438719085,1.00368438719085,100.06008720447,99.6927804013384,0.00010006008720446999
USDE,2023-12-24,1.00368438719085,1.04947291115557,1.00368438719085,1.04947291115557,44889.6435158862,43701.0071724237,0.0448896435158862
USDE,2023-12-25,1.04947291115557,1.04947291115557,1.04947291115557,1.04947291115557,0.0,0.0,0.0
USDE,2023-12-26,1.04947291115557,1.04947291115557,1.00621987444665,1.00621987444665,43461.5630086314,42299.1870245944,0.043461563008631396
USDE,2023-12-27,1.00621987444665,1.04965723397387,1.00621987444665,1.00985070954581,124327.907747068,120864.211564256,0.124327907747068
USDE,2023-12-28,1.00985070954581,1.03300345110932,0.980560419158194,0.980560419158194,121075.285719056,120112.084726964,0.121075285719056
USDE,2023-12-29,0.980560419158194,1.0243029614466,0.980560419158194,1.02329409014936,107572.734680955,104250.401306279,0.107572734680955
USDE,2023-12-30,1.02329409014936,1.02329409014936,1.00973139766666,1.00973139766666,54.2732891477864,53.7480646006128,5.42732891477864e-05
USDE,2023-12-31,1.00973139766666,1.00973139766666,1.00644478468038,1.00644478468038,271.33687380577396,269.74473776399,0.00027133687380577395
USDE,2024-01-01,1.00644478468038,1.05003346233847,1.00206541377985,1.0248472023496,102416.750810414,99766.1604338978,0.102416750810414
USDE,2024-01-02,1.0248472023496,1.02547449366685,1.0248472023496,1.02547449366685,43146.7839353343,41958.4215743109,0.0431467839353343
USDE,2024-01-03,1.02547449366685,1.03833831528949,1.01712481200556,1.03833831528949,138385.008908029,134380.647761289,0.13838500890802902
USDE,2024-01-04,1.03833831528949,1.04918192813062,1.00204262638019,1.00336469814837,416605.266402389,405682.226482721,0.416605266402389
USDE,2024-01-05,1.00336469814837,1.02632998208155,1.00336469814837,1.00590217252876,91550.220905679,89151.5687626894,0.091550220905679
USDE,2024-01-06,1.00590217252876,1.05027315075376,0.98480855604527,1.00613065612129,395762.232422658,386788.290309809,0.395762232422658
USDE,2024-01-07,1.00613065612129,1.00613065612129,1.00289726330345,1.00289726330345,402.863234539648,401.699405592807,0.00040286323453964795
USDE,2024-01-08,1.00289726330345,1.00886988845355,1.00289726330345,1.00886988845355,2801.80664563482,2784.76694166573,0.0028018066456348203
USDE,2024-01-09,1.00886988845355,1.00886988845355,1.00218066894052,1.00579561489425,5528.17086142854,5500.966220258,0.00552817086142854
USDE,2024-01-10,1.00579561489425,1.00579561489425,1.00563499779749,1.00563499779749,58.4300898595422,58.0999649325769,5.84300898595422e-05
USDE,2024-01-11,1.00563499779749,1.00665221561048,1.0051457677374,1.00665221561048,1442.07772128674,1432.892311197,0.00144207772128674
USDE,2024-01-12,1.00665221561048,1.01208315622996,1.00607852747451,1.00869438202925,13097.8908398613,12971.7803192141,0.0130978908398613
USDE,2024-01-13,1.00869438202925,1.00869438202925,1.00585910874677,1.00585910874677,3746.98314371728,3723.94946970462,0.00374698314371728
USDE,2024-01-14,1.00585910874677,1.00585910874677,1.00365902587988,1.00365902587988,2922.75258411887,2909.11201519113,0.00292275258411887
USDE,2024-01-15,1.00365902587988,1.00763037298646,1.00365902587988,1.00763037298646,1688.3449431301,1677.71791649457,0.0016883449431301
USDE,2024-01-16,1.00763037298646,1.00782809652149,1.00763037298646,1.00782809652149,504.847023170717,500.925728220112,0.000504847023170717
USDE,2024-01-17,1.00782809652149,1.00928444464433,1.00094596682904,1.00587243038798,9446.55648983984,9406.58239570164,0.00944655648983984
USDE,2024-01-18,1.00587243038798,1.00859383375632,1.00439455328193,1.00439455328193,3959.69020533701,3942.22312024968,0.00395969020533701
USDE,2024-01-19,1.00439455328193,1.00607517492719,1.00085957383947,1.00607517492719,2904.94106859187,2895.04201113062,0.0029049410685918703
USDE,2024-01-20,1.00607517492719,1.03612209696178,1.00191613253542,1.00492808693212,48483.925344778,46723.086267822,0.048483925344778
USDE,2024-01-21,1.00492808693212,1.00699055435328,1.00492808693212,1.00676964133308,766.785355782343,761.558233957309,0.000766785355782343
USDE,2024-01-22,1.00676964133308,1.00749019860534,1.00281460642391,1.00281460642391,8895.71462174502,8823.88905501778,0.00889571462174502
USDE,2024-01-23,1.00281460642391,1.0045020258955,1.00243743480553,1.0045020258955,1427.14598479967,1421.45417224488,0.00142714598479967
USDE,2024-01-24,1.0045020258955,1.00601247313397,1.00129039943971,1.00129039943971,4232.429569531,4220.61508302698,0.004232429569531
USDE,2024-01-25,1.00129039943971,1.00251316409816,0.999982497333747,1.00008595298688,197818.502753403,197585.625527915,0.197818502753403
USDE,2024-01-26,1.00008595298688,1.00544616420754,0.998897204271495,1.00092082564503,477480.540868673,475724.295508926,0.47748054086867303
USDE,2024-01-27,1.00092082564503,1.00092082564503,0.998703265781037,0.998703265781037,496.737568744064,497.36268433457,0.000496737568744064
USDE,2024-01-28,0.998703265781037,0.998703265781037,0.998645090462038,0.998645090462038,509.098254100618,509.788972041184,0.000509098254100618
USDE,2024-01-29,0.998645090462038,0.998702439282503,0.997186136088369,0.998702439282503,63873.6224178889,63995.5299306659,0.06387362241788891
USDE,2024-01-30,0.998702439282503,0.998894998823636,0.998702439282503,0.998809173632103,13491.3298242153,13506.8485036948,0.0134913298242153
USDE,2024-01-31,0.998809173632103,0.998809173632103,0.996640876408668,0.997015297571077,20728.6443215363,20785.7686099427,0.0207286443215363
USDE,2024-02-01,0.997015297571077,0.998905895523462,0.99633364773027,0.99811182570164,232239.339342402,232428.497449348,0.232239339342402
USDE,2024-02-02,0.99811182570164,0.999787376417374,0.99811182570164,0.99954230729124,47721.2903531662,47743.1486213697,0.047721290353166204
USDE,2024-02-03,0.99954230729124,0.99954230729124,0.998914691856348,0.998914691856348,13821.7760781666,13836.7932625765,0.0138217760781666
USDE,2024-02-04,0.998914691856348,0.998914691856348,0.998512118686243,0.998512118686243,1402.09614900778,1404.18541024072,0.00140209614900778
USDE,2024-02-05,0.998512118686243,0.998512118686243,0.996555677878363,0.996555677878363,25817.1465628508,25890.2469979749,0.0258171465628508
USDE,2024-02-06,0.996555677878363,0.996775472051379,0.996237688095851,0.996775472051379,11460.6306463731,11501.4951851743,0.0114606306463731
USDE,2024-02-07,0.996775472051379,1.00228731359685,0.996775472051379,1.00228731359685,250.054243172569,249.474878312472,0.000250054243172569
USDE,2024-02-08,1.00228731359685,1.00228731359685,0.996718650173014,0.996718650173014,551.165799925389,552.968104478713,0.000551165799925389
USDE,2024-02-09,0.996718650173014,0.996718650173014,0.9939882948813,0.9939882948813,179151.012065925,180268.027261834,0.17915101206592499
USDE,2024-02-10,0.9939882948813,0.995534643838084,0.993199970633708,0.995534643838084,202207.648820416,203594.802712748,0.202207648820416
USDE,2024-02-11,0.995534643838084,1.00291803883612,0.995534643838084,0.997216155910998,375755.213603064,374803.371775366,0.375755213603064
USDE,2024-02-12,0.997216155910998,0.997476524559221,0.996482552053798,0.996482552053798,54578.8218536737,54710.5694482207,0.054578821853673694
USDE,2024-02-13,0.996482552053798,0.999260322705903,0.996482552053798,0.996582478080838,97807.5772044417,98016.0626141607,0.09780757720444169
USDE,2024-02-14,0.996582478080838,0.998245726510142,0.996560501743095,0.998245726510142,27684.9426272669,27750.8549155124,0.027684942627266902
USDE,2024-02-15,0.998245726510142,1.00578181106999,0.99811556896951,1.00429039241398,1464590.44348621,1461125.85581558,1.46459044348621
USDE,2024-02-16,1.00429039241398,1.0088762813685,1.00180945498418,1.00379738791906,7925900.97937876,7872564.5911289,7.92590097937876
USDE,2024-02-17,1.00379738791906,1.00550544877009,1.00175425362425,1.00209642449173,3892298.46944264,3878823.2984663,3.89229846944264
USDE,2024-02-18,1.00209642449173,1.00531397579075,1.0007165768114,1.00264787271106,3654887.21127921,3638741.31713062,3.65488721127921
USDE,2024-02-19,1.00264787271106,1.01519459306929,1.00073771739558,1.00374266478732,13842660.7601473,13753915.5137501,13.8426607601473
USDE,2024-02-20,1.00374266478732,1.00550893897261,1.00070574022292,1.00183063273975,60591001.5467885,60437457.469386,60.5910015467885
USDE,2024-02-21,1.00183063273975,1.00323918374494,1.00059097491446,1.00187565320267,59144003.2653981,59025598.6429618,59.1440032653981
USDE,2024-02-22,1.00187565320267,1.00308379989925,1.0006299168677,1.00099205466112,77167350.4875711,77009332.9412186,77.1673504875711
USDE,2024-02-23,1.00099205466112,1.0020494631318,1.00081855274924,1.00162015150269,12757484.7897437,12738130.5752482,12.7574847897437
USDE,2024-02-24,1.00162015150269,1.00196663987549,1.00102538199099,1.00171104881245,11767607.5500002,11749510.9517106,11.7676075500002
USDE,2024-02-25,1.00171104881245,1.0021198971193,1.00110969185013,1.001589550905,14146930.8203346,14120346.2400453,14.1469308203346
USDE,2024-02-26,1.001589550905,1.0032507990543,1.00119958641468,1.00221998128687,39197107.0570439,39110294.7938968,39.1971070570439
USDE,2024-02-27,1.00221998128687,1.00302793130314,1.00155177610196,1.0021188552658,21083808.1119456,21040016.7465252,21.0838081119456
USDE,2024-02-28,1.0021188552658,1.00833087068491,1.00142063607301,1.0031685779032,41205948.3175233,41099191.9311482,41.2059483175233
USDE,2024-02-29,1.0031685779032,1.00818339914183,1.00080218904098,1.00207374477312,99457013.200073,99166845.7753606,99.457013200073
USDE,2024-03-01,1.00207374477312,1.00818816645319,1.00143952052604,1.00228785213476,69719005.1613876,69529192.8510787,69.7190051613876
USDE,2024-03-02,1.00228785213476,1.006807072426,1.0006809041947,1.00224681541644,101771916.846842,101509127.037367,101.771916846842
USDE,2024-03-03,1.00224681541644,1.00239564773234,1.00036459938902,1.00182865125684,67311607.9868628,67177383.0752942,67.3116079868628
USDE,2024-03-04,1.00182865125684,1.00511855002271,1.00116085609855,1.00244484788412,85458217.0144343,85259077.3419963,85.4582170144343
USDE,2024-03-05,1.00244484788412,1.00426457285543,1.00053929775447,1.00286445614503,54918537.5770183,54778573.0474984,54.9185375770183
USDE,2024-03-06,1.00286445614503,1.00369495919883,1.00026549479707,1.00198941173779,23286873.1715196,23244124.8992546,23.2868731715196
USDE,2024-03-07,1.00198941173779,1.00342704706994,1.00088158986808,1.00254598627113,11123944.8772768,11100090.3123827,11.1239448772768
USDE,2024-03-08,1.00254598627113,1.00394783394094,1.00183173124197,1.00285753792781,9910497.27627959,9882943.99132697,9.910497276279589
USDE,2024-03-09,1.00285753792781,1.00478171784775,1.00236485645999,1.00325407719595,20475636.5402262,20385142.4460536,20.475636540226198
USDE,2024-03-10,1.00325407719595,1.00374428290545,1.00193476455398,1.00218520460991,29244993.7904796,29158566.9730217,29.2449937904796
USDE,2024-03-11,1.00218520460991,1.00912030285877,1.00071170432677,1.00142259558763,42780750.0162532,42686735.2630203,42.7807500162532
USDE,2024-03-12,1.00142259558763,1.01355678938669,1.00043553053274,1.00126283481791,64756228.9942958,64598575.4593283,64.7562289942958
USDE,2024-03-13,1.00126283481791,1.00961401479723,1.00076049512105,1.00202381376974,55995303.7948626,55849050.5743513,55.9953037948626
USDE,2024-03-14,1.00202381376974,1.00281673635742,0.999956438853095,1.00080053040753,12853361.075271,12842704.5807302,12.853361075271
USDE,2024-03-15,1.00080053040753,1.00160674087087,0.992225572041372,1.00140626742386,36224624.3379309,36205493.5273757,36.224624337930905
USDE,2024-03-16,1.00140626742386,1.0015034166488,1.00043610416165,1.00062580534701,26505289.6331196,26476809.0687681,26.505289633119602
USDE,2024-03-17,1.00062580534701,1.0014395344358,1.00022956300406,1.00086571315764,6949702.58733944,6941522.19638894,6.9497025873394405
USDE,2024-03-18,1.00086571315764,1.00826523823511,1.0003683987387,1.0012102534696,49765153.5084672,49703933.4811067,49.7651535084672
USDE,2024-03-19,1.0012102534696,1.00174308305935,0.99974209456978,1.00106796326345,33183607.9483675,33143806.6621299,33.1836079483675
USDE,2024-03-20,1.00106796326345,1.00589438534089,1.00065174855148,1.00136306271986,35686576.2092354,35630928.7613832,35.6865762092354
USDE,2024-03-21,1.00136306271986,1.00249965574715,1.00106064390809,1.00150731287716,17010658.1463053,16982463.3888424,17.0106581463053
USDE,2024-03-22,1.00150731287716,1.00386794462624,1.00082565109074,1.00158423146529,77290587.3363473,77174907.1846221,77.2905873363473
USDE,2024-03-23,1.00158423146529,1.00161458216444,1.00074377212608,1.00132644742853,27300452.4468651,27262972.761547,27.3004524468651
USDE,2024-03-24,1.00132644742853,1.00516787700785,1.00100102283855,1.00137931944993,24237885.4270622,24200515.8929446,24.2378854270622
USDE,2024-03-25,1.00137931944993,1.00201629776288,1.00114185541629,1.00134190195203,22640883.3547378,22606312.3595253,22.6408833547378
USDE,2024-03-26,1.00134190195203,1.00161338297627,1.00105074329923,1.00137849292823,13952983.1468639,13934600.8867437,13.9529831468639
USDE,2024-03-27,1.00137849292823,1.00167213792381,1.00040027678947,1.00083458389612,23235388.1703566,23212136.1292905,23.2353881703566
USDE,2024-03-28,1.00083458389612,1.00222085582549,1.00038704134796,1.00138888265556,66715377.362333,66637282.6884265,66.715377362333
USDE,2024-03-29,1.00138888265556,1.00344133865847,1.00043172615484,1.00182659675124,136953689.721525,136748195.541491,136.95368972152502
USDE,2024-03-30,1.00182659675124,1.00216445664651,1.00142379859604,1.00176762699708,27333556.155474,27283898.3205257,27.333556155474
USDE,2024-03-31,1.00176762699708,1.00176762699708,1.00118602067681,1.00160435857756,11685378.9099304,11667453.2513964,11.685378909930401
USDE,2024-04-01,1.00160435857756,1.00204858502297,1.00076014735008,1.00173886975159,29215117.2686161,29168013.9412619,29.215117268616098
USDE,2024-04-02,1.00173886975159,1.00451291843022,0.99959361736417,1.00365760789577,532628225.587014,531505772.777579,532.6282255870141
USDE,2024-04-03,1.00365760789577,1.00851063798528,1.00118627044238,1.00157842736793,425258945.636176,424160231.315527,425.258945636176
USDE,2024-04-04,1.00157842736793,1.00538408084211,0.999447371400561,1.00144499891895,137544343.910852,137374041.895015,137.54434391085198
USDE,2024-04-05,1.00144499891895,1.00183948566881,1.00046870612858,1.00146313486503,57251422.2456841,57176438.2435383,57.251422245684104
USDE,2024-04-06,1.00146313486503,1.00243262844222,1.00126042320903,1.00172245577464,72905528.7823095,72773317.7397974,72.9055287823095
USDE,2024-04-07,1.00172245577464,1.00276799686438,1.001229156137,1.00177245509205,98285836.3723991,98104895.3111744,98.2858363723991
USDE,2024-04-08,1.00177245509205,1.00417606609818,1.00099745251607,1.00156377439701,260876656.447846,260435900.878556,260.876656447846
USDE,2024-04-09,1.00156377439701,1.00201401672745,1.00076508621487,1.00086271767525,167310862.146489,167050353.21171,167.310862146489
USDE,2024-04-10,1.00086271767525,1.00184287009547,1.00047367026527,1.00122737034553,141660577.37766,141494062.639093,141.66057737766002
USDE,2024-04-11,1.00122737034553,1.00141613664981,0.999732538682163,1.00133346361118,88373905.2940585,88288660.3008867,88.3739052940585
USDE,2024-04-12,1.00133346361118,1.0014232967572,0.999335181070609,0.99980171919313,143363045.260564,143278156.108461,143.363045260564
USDE,2024-04-13,0.99980171919313,1.00303820260472,0.997031273789288,0.999534638046003,86100701.7452045,86116552.8073331,86.10070174520449
USDE,2024-04-14,0.999534638046003,1.00067766561814,0.997960221133191,0.999908689091108,44696404.6950922,44712486.5829203,44.6964046950922
USDE,2024-04-15,0.999908689091108,1.00175497225516,0.999360762937141,0.999981386387753,16148591.2351919,16137550.2553204,16.1485912351919
USDE,2024-04-16,0.999981386387753,1.0013767717946,0.999025536996053,1.00086251560597,30835538.1562051,30825976.3400927,30.8355381562051
USDE,2024-04-17,1.00086251560597,1.00196866002059,0.998754870376999,1.00112856641246,39003805.3575496,38975428.3424845,39.0038053575496
USDE,2024-04-18,1.00112856641246,1.00388930061509,0.999777328946397,1.0010478235897,14789000.0149139,14783235.9953118,14.7890000149139
USDE,2024-04-19,1.0010478235897,1.00162262562769,0.998897361711526,1.00081196299318,32574964.1807201,32555996.8883383,32.5749641807201
USDE,2024-04-20,1.00081196299318,1.0015045892015,0.999754001440873,1.00016264755016,23859350.8284912,23849191.6874939,23.8593508284912
USDE,2024-04-21,1.00016264755016,1.00172140384349,0.998994454179119,0.999840925994547,27246213.7368448,27239701.0793353,27.2462137368448
USDE,2024-04-22,0.999840925994547,1.00215856443553,0.998585956897079,0.999843687036586,37700581.2784368,37683832.2576112,37.7005812784368
USDE,2024-04-23,0.999843687036586,1.00122577681931,0.998209290895206,0.999317181051914,19076745.8979187,19087663.9584971,19.076745897918702
USDE,2024-04-24,0.999317181051914,0.999657006093955,0.997374478252736,0.998231722648654,22868236.9604149,22900153.868066,22.8682369604149
USDE,2024-04-25,0.998231722648654,0.999992326355524,0.997632532760266,0.999704146864881,31849530.3868495,31873071.3365575,31.8495303868495
USDE,2024-04-26,0.999704146864881,1.00087358456627,0.997403555524887,0.998680154391118,21491378.8534376,21517633.3170905,21.4913788534376
USDE,2024-04-27,0.998680154391118,0.999447096329815,0.997480173827923,0.999067964403306,9846752.5180442,9860550.71660397,9.8467525180442
USDE,2024-04-28,0.999067964403306,0.999821582826205,0.997398898908843,0.998806552206349,19400450.8825944,19425150.0461957,19.4004508825944
USDE,2024-04-29,0.998806552206349,0.999783196615154,0.997506695704345,0.99812396922516,16896402.3504933,16918938.9957828,16.8964023504933
USDE,2024-04-30,0.99812396922516,1.00598828394433,0.996463373286129,0.999298111999539,49847480.2935021,49844085.7787746,49.8474802935021
USDE,2024-05-01,0.999298111999539,0.999717833010856,0.995628289195943,0.99837673745141,52373042.3213848,52502590.253221,52.3730423213848
USDE,2024-05-02,0.99837673745141,1.00079842055749,0.997299191916031,0.999479502339716,30528586.8482051,30566348.2524026,30.5285868482051
USDE,2024-05-03,0.999479502339716,1.00060829456713,0.998030592735131,0.999585416258397,23061011.8114409,23071069.544573,23.0610118114409
USDE,2024-05-04,0.999585416258397,1.00011107228075,0.99753806702237,0.999363288788517,20908731.1427431,20929146.515945,20.9087311427431
USDE,2024-05-05,0.999363288788517,1.0002557070797,0.998778278079632,0.999771209293838,8427538.5056015,8431189.55538465,8.427538505601499
USDE,2024-05-06,0.999771209293838,1.0003836622778,0.998673242076529,0.999389416928829,25281317.658504,25287067.273661,25.281317658504
USDE,2024-05-07,0.999389416928829,1.00076709742811,0.99840376171878,0.999666239725147,23800930.0223899,23807044.3120102,23.8009300223899
USDE,2024-05-08,0.999666239725147,1.00155074603329,0.997481788567101,1.00015267273679,22154714.638069,22165315.1932651,22.154714638069
USDE,2024-05-09,1.00015267273679,1.00169935781935,0.999529392801679,1.00120485419056,12710484.514605,12696371.2384449,12.710484514605001
USDE,2024-05-10,1.00120485419056,1.00265380459623,0.999467722870529,1.00080983335998,27289310.1668151,27233002.1130894,27.2893101668151
USDE,2024-05-11,1.00080983335998,1.00198289664097,0.999682428343006,1.0000068495416,15367028.7349288,15354056.2702504,15.3670287349288
USDE,2024-05-12,1.0000068495416,1.00396749708113,0.999651870747274,1.0000677229433,16847027.4500579,16824715.6544133,16.8470274500579
USDE,2024-05-13,1.0000677229433,1.00229902384415,0.999641361154874,1.00122379914482,11927787.9182971,11910819.1923448,11.927787918297101
USDE,2024-05-14,1.00122379914482,1.00212787153458,0.999493135419425,1.00072754525233,28395813.7035016,28356753.4081154,28.395813703501602
USDE,2024-05-15,1.00072754525233,1.00273789082285,0.999949843145755,1.00109984940499,23510689.9842288,23468901.8309136,23.5106899842288
USDE,2024-05-16,1.00109984940499,1.00332621617811,0.999621502760424,1.00101855799008,27176866.4026646,27133339.7562897,27.1768664026646
USDE,2024-05-17,1.00101855799008,1.00430192718585,1.00066576609323,1.00176186883529,112094746.673578,111842885.265549,112.094746673578
USDE,2024-05-18,1.00176186883529,1.00405920091978,1.00075380292394,1.00165456123508,71462491.3058197,71299791.2959312,71.46249130581971
USDE,2024-05-19,1.00165456123508,1.00370913848633,0.999266811911451,1.00146424313606,37323580.730876,37273074.5512134,37.323580730875996
USDE,2024-05-20,1.00146424313606,1.00361060905699,1.00105473168641,1.00138416882573,104044919.887481,103836136.257951,104.044919887481
USDE,2024-05-21,1.00138416882573,1.00867750004631,1.00067444504142,1.00096951536288,87548722.3449988,87410587.9608914,87.54872234499881
USDE,2024-05-22,1.00096951536288,1.00718597339439,0.999517619660527,1.00095969446391,33108933.9255599,33067274.0845093,33.1089339255599
USDE,2024-05-23,1.00095969446391,1.00319626650827,1.00007223287006,1.00110630165726,84703810.2004515,84566489.1629923,84.7038102004515
USDE,2024-05-24,1.00110630165726,1.00557666261623,0.999997211982381,1.00137714768635,53987345.526826,53867534.8327237,53.987345526826005
USDE,2024-05-25,1.00137714768635,1.00368158440144,1.00034305787813,1.00127637519863,44815363.588266,44742651.7595042,44.815363588266
USDE,2024-05-26,1.00127637519863,1.00324069306775,1.00054731004758,1.00081502593215,42272443.0844439,42201007.6254682,42.2724430844439
USDE,2024-05-27,1.00081502593215,1.00219700085482,1.0000228640818,1.00079067247009,42297172.9781366,42245791.3583681,42.2971729781366
USDE,2024-05-28,1.00079067247009,1.00412568204256,0.999587603811885,1.00036843841926,29821916.8383305,29799334.008177,29.821916838330498
USDE,2024-05-29,1.00036843841926,1.0035542558824,0.999865585072597,1.00009062975345,55851792.1128733,55785664.7562335,55.8517921128733
USDE,2024-05-30,1.00009062975345,1.00340669082507,0.999249778847014,1.00095662849649,48288407.1248471,48232703.9018917,48.2884071248471
USDE,2024-05-31,1.00095662849649,1.00146666987123,0.999846399017362,1.00054131710068,28851456.4903958,28826544.3217215,28.851456490395798
USDE,2024-06-01,1.00054131710068,1.00126571989127,0.99974285744185,1.00069077604132,35908114.8222691,35885804.1956147,35.9081148222691
USDE,2024-06-02,1.00069077604132,1.00287452351338,1.00039362273401,1.00259917671192,27362532.9626923,27319150.9198905,27.362532962692303
USDE,2024-06-03,1.00259917671192,1.00356968554563,0.99968811034889,1.00114994363988,45612321.633182,45543752.0410207,45.612321633182
USDE,2024-06-04,1.00114994363988,1.00305827893958,1.00073902482965,1.00137484112882,57993819.6117978,57910112.1342671,57.993819611797804
USDE,2024-06-05,1.00137484112882,1.0034352254388,1.00071966538298,1.00229199612793,46931844.5992576,46854906.4023863,46.9318445992576
USDE,2024-06-06,1.00229199612793,1.00374652451145,1.00058368845445,1.00101548188994,87287701.5046862,87160590.8508544,87.28770150468621
USDE,2024-06-07,1.00101548188994,1.0015801607754,1.00017453862048,1.00105919554597,84970482.0343951,84892060.0109513,84.9704820343951
USDE,2024-06-08,1.00105919554597,1.00172490965948,1.00005777054737,1.00171054956932,68549967.6296951,68481054.1148335,68.5499676296951
USDE,2024-06-09,1.00171054956932,1.0019235934911,1.00059444505263,1.00077978856289,89389910.3702635,89273821.1943954,89.38991037026351
USDE,2024-06-10,1.00077978856289,1.00279929382318,0.999462219098722,1.00066855552202,64967246.570714,64922528.0414,64.967246570714
USDE,2024-06-11,1.00066855552202,1.0027856244627,0.999313388365169,1.00092601667628,59925663.0412403,59865874.0655646,59.9256630412403
USDE,2024-06-12,1.00092601667628,1.00255030196195,0.99891701834801,1.00108471843814,62044651.8435803,61947628.3352865,62.0446518435803
USDE,2024-06-13,1.00108471843814,1.00239376820957,1.00052459700693,1.00085609205816,62815447.2724729,62741338.8933948,62.8154472724729
USDE,2024-06-14,1.00085609205816,1.00300111282613,0.999373712547971,0.999997329043396,64214655.9049565,64161433.7911692,64.2146559049565
USDE,2024-06-15,0.999997329043396,1.00097238176144,0.998589356505692,1.00093232613628,11386796.6862374,11382154.7587266,11.3867966862374
USDE,2024-06-16,1.00093232613628,1.00187696827148,1.00040452116072,1.00087790497748,15535793.0959368,15521070.648646,15.5357930959368
USDE,2024-06-17,1.00087790497748,1.00132072727186,0.999487913626766,1.00088301964059,13663687.4147444,13654261.965703,13.6636874147444
USDE,2024-06-18,1.00088301964059,1.00146725344673,1.00040001136123,1.00073246724318,19792155.2545918,19773351.7822256,19.7921552545918
USDE,2024-06-19,1.00073246724318,1.00139765340917,1.00047646454435,1.00058091432675,17551323.8711109,17533116.9710033,17.551323871110903
USDE,2024-06-20,1.00058091432675,1.00187778116442,1.00045178395335,1.00081086210141,16994953.2133353,16976223.1142623,16.9949532133353
USDE,2024-06-21,1.00081086210141,1.00129372153212,1.00034695139421,1.00096204460994,26683466.3543537,26659008.5135349,26.6834663543537
USDE,2024-06-22,1.00096204460994,1.00225371038624,1.00045369832942,1.00095373148032,30354743.0550188,30325900.0232691,30.3547430550188
USDE,2024-06-23,1.00095373148032,1.00144574300399,1.0004087749507,1.00065246470078,18400210.0670824,18382632.3404439,18.4002100670824
USDE,2024-06-24,1.00065246470078,1.00108738922379,0.998845388506814,1.00026445573828,31343968.4936308,31329119.4175106,31.3439684936308
USDE,2024-06-25,1.00026445573828,1.00128832174249,0.999758694240779,1.00030466989022,23413102.9062894,23406623.5838298,23.4131029062894
USDE,2024-06-26,1.00030466989022,1.00179843080503,0.999850941140126,1.00017638062559,28176589.7287572,28154820.2554667,28.1765897287572
USDE,2024-06-27,1.00017638062559,1.00023381838427,0.999095531350488,0.999449033974933,36220080.0058714,36233016.8494813,36.2200800058714
USDE,2024-06-28,0.999449033974933,0.999820809878354,0.998583471827662,0.998776437570075,34305557.9967622,34331162.7233288,34.305557996762204
USDE,2024-06-29,0.998776437570075,0.999944073462897,0.998399164592205,0.998671840382289,14999908.5853961,15018257.6962052,14.9999085853961
USDE,2024-06-30,0.998671840382289,0.999108067675373,0.997643804406856,0.99873742307324,14949432.5372359,14969742.5238227,14.9494325372359
USDE,2024-07-01,0.99873742307324,0.999716129394585,0.998275709477372,0.998664480085886,14644230.3357867,14660789.1171856,14.6442303357867
USDE,2024-07-02,0.998664480085886,0.999674312511637,0.997184706946496,0.998374961673333,37163765.3457427,37203686.4441598,37.1637653457427
USDE,2024-07-03,0.998374961673333,0.998991111928166,0.997454529380149,0.998663300050358,32071758.2825613,32133553.4709051,32.0717582825613
USDE,2024-07-04,0.998663300050358,0.999177982150292,0.996493049238457,0.998573544670779,62960039.5504208,63092667.5833324,62.960039550420795
USDE,2024-07-05,0.998573544670779,0.999307301992444,0.997402542933002,0.998984397326151,97694369.7443922,97843936.288036,97.6943697443922
USDE,2024-07-06,0.998984397326151,0.999813601307767,0.998014182027157,0.999255696489984,27429682.1932479,27456474.9700078,27.4296821932479
USDE,2024-07-07,0.999255696489984,0.999815730835841,0.998904719137448,0.999371598975673,19711869.4840916,19728678.3319946,19.711869484091597
USDE,2024-07-08,0.999371598975673,0.999853213129226,0.998595255891044,0.999341946570395,23172078.1007221,23189316.7645453,23.1720781007221
USDE,2024-07-09,0.999341946570395,0.999908012248543,0.998874718096451,0.999246327834047,15007978.1728005,15020121.8229507,15.0079781728005
USDE,2024-07-10,0.999246327834047,0.999859625384743,0.998832732028357,0.998901031214165,14497297.9175244,14509176.2734856,14.4972979175244
USDE,2024-07-11,0.998901031214165,0.999712445349831,0.998649180969869,0.999026485846865,34324056.4338427,34351073.7277928,34.324056433842706
USDE,2024-07-12,0.999026485846865,0.999515521867655,0.998285477699049,0.999229667732579,32008848.3490069,32033917.9116052,32.0088483490069
USDE,2024-07-13,0.999229667732579,0.999982506029182,0.998872119217781,0.999495264223463,40391819.0100992,40419527.4547663,40.391819010099205
USDE,2024-07-14,0.999495264223463,1.00004148617147,0.9988696786287,0.999410343922508,15310806.7614748,15317006.0521442,15.3108067614748
USDE,2024-07-15,0.999410343922508,0.999750693936554,0.998037826902176,0.999251612017006,25069309.7785157,25086869.2776391,25.0693097785157
USDE,2024-07-16,0.999251612017006,0.999748020459799,0.998056046828563,0.998738029385047,7760050.44036185,7762946.6497118,7.76005044036185
USDE,2024-07-17,0.998738029385047,0.999415850542239,0.970629641282769,0.998858234852054,8763688.5000312,8773235.22695852,8.763688500031199
USDE,2024-07-18,0.998858234852054,0.999467189067995,0.998552309242512,0.998948654471146,8324462.68361157,8332108.24647954,8.32446268361157
USDE,2024-07-19,0.998948654471146,1.00033376312655,0.998705331070552,1.00003243025539,19168536.9573738,19171126.9277346,19.168536957373803
USDE,2024-07-20,1.00003243025539,1.00180620884143,0.999870473068516,1.00008318412114,30146922.4512997,30079888.090586,30.1469224512997
USDE,2024-07-21,1.00008318412114,1.00109901916701,0.99992250723101,1.00034978263666,14496925.7061481,14486131.2954962,14.4969257061481
USDE,2024-07-22,1.00034978263666,1.00209151409499,0.99935195679821,0.99935195679821,16707372.2056701,16699544.5514112,16.7073722056701
USDE,2024-07-23,0.99935195679821,1.00052253338017,0.999290541395598,0.999807258022737,28923446.6710928,28921274.5192406,28.9234466710928
USDE,2024-07-24,0.999807258022737,1.00008688450753,0.999393031731026,0.999467967617086,15522841.5565584,15527739.5630815,15.5228415565584
USDE,2024-07-25,0.999467967617086,0.999562818041852,0.996998129635386,0.998536611654618,213275871.570711,213596249.945289,213.275871570711
USDE,2024-07-26,0.998536611654618,0.999057890361532,0.99801583634555,0.999042776803249,97845530.7945931,97975075.9105487,97.8455307945931
USDE,2024-07-27,0.999042776803249,0.999324428500047,0.998011589113107,0.998874357328979,45145297.3306568,45213787.8119489,45.145297330656796
USDE,2024-07-28,0.998874357328979,1.00182205714231,0.998555905228301,0.998834445231788,14978848.3727417,14993070.8653786,14.9788483727417
USDE,2024-07-29,0.998834445231788,0.999071770789911,0.998379525948853,0.998852571785682,22079794.3849213,22108159.2339526,22.0797943849213
USDE,2024-07-30,0.998852571785682,0.999983459027163,0.998544618407413,0.999060081060487,45169105.8346783,45215419.3351932,45.1691058346783
USDE,2024-07-31,0.999060081060487,0.999906495149202,0.999030845736635,0.99949635831129,30675798.2646108,30687464.598513,30.6757982646108
USDE,2024-08-01,0.99949635831129,0.999679565581676,0.996956653685718,0.998596880747216,64625662.6884983,64712115.2419673,64.62566268849831
USDE,2024-08-02,0.998596880747216,0.999455430206494,0.998394803145956,0.998611618768238,61080136.5318367,61148074.8837381,61.0801365318367
USDE,2024-08-03,0.998611618768238,1.00211843426046,0.998139927094533,0.999042716869231,74939357.5118937,74974908.1050891,74.9393575118937
USDE,2024-08-04,0.999042716869231,1.00061061275621,0.998122406508502,0.998971837869285,65329560.7589683,65373482.0375614,65.3295607589683
USDE,2024-08-05,0.998971837869285,1.00052513870483,0.996023786784883,0.99948086280283,227792126.943652,228044256.369907,227.792126943652
USDE,2024-08-06,0.99948086280283,1.00009169628678,0.999207570685068,0.999876418019007,49250766.1336971,49267932.7890371,49.2507661336971
USDE,2024-08-07,0.999876418019007,1.00076499723406,0.999367027715651,1.00051182287081,43713699.2504028,43705248.8837558,43.7136992504028
USDE,2024-08-08,1.00051182287081,1.00131271466062,1.00008006503355,1.00097803666984,53537969.9730464,53495148.4646768,53.5379699730464
USDE,2024-08-09,1.00097803666984,1.00148402588177,1.00068278182475,1.00111567933659,20455752.6703038,20435032.3371668,20.4557526703038
USDE,2024-08-10,1.00111567933659,1.00144025000032,0.999980271212609,1.00075069830683,25447410.9434436,25424886.6968655,25.4474109434436
USDE,2024-08-11,1.00075069830683,1.00109284409724,1.00031705130886,1.00057945858707,39785959.0765371,39757349.9559663,39.785959076537104
USDE,2024-08-12,1.00057945858707,1.00071954971228,0.999763267174174,1.0000024171897,57695482.9453195,57681771.7686381,57.695482945319505
USDE,2024-08-13,1.0000024171897,1.00022816987764,0.999171403798497,0.99949603771093,35706660.5618829,35716937.1676531,35.7066605618829
USDE,2024-08-14,0.99949603771093,0.99978296897811,0.998584126569812,0.999011788915976,36727611.398014,36754516.8992821,36.727611398014
USDE,2024-08-15,0.999011788915976,0.999590499625109,0.998639597168227,0.999206046307398,53227784.8606815,53272286.8699631,53.227784860681496
USDE,2024-08-16,0.999206046307398,0.999701061909221,0.99271631903942,0.999539519376566,25542303.4664866,25560832.6378323,25.5423034664866
USDE,2024-08-17,0.999539519376566,0.999712566134818,0.999160361305297,0.999260827963457,13315566.472141,13324545.2866081,13.315566472140999
USDE,2024-08-18,0.999260827963457,0.999560100562443,0.998916660045978,0.99929660712941,12350814.8305796,12361439.3411886,12.3508148305796
USDE,2024-08-19,0.99929660712941,0.999677455888222,0.998256836631078,0.999017661879106,35012148.8926142,35043246.7470927,35.0121488926142
USDE,2024-08-20,0.999017661879106,0.999553025053025,0.998677363847919,0.99875512726213,24143233.0744758,24163947.2400415,24.1432330744758
USDE,2024-08-21,0.99875512726213,0.99919931692407,0.996850538869428,0.998723280670303,34113982.9633057,34158363.5054138,34.113982963305695
USDE,2024-08-22,0.998723280670303,0.999244962310011,0.998656311992409,0.99907913114881,18183378.3210781,18201799.5033076,18.1833783210781
USDE,2024-08-23,0.99907913114881,0.999776321836817,0.998437177426673,0.999585860094076,34516195.3808879,34549721.1707208,34.5161953808879
USDE,2024-08-24,0.999585860094076,0.999634008570485,0.998220544129846,0.999259419894637,27049324.9271122,27073726.6474838,27.0493249271122
USDE,2024-08-25,0.999259419894637,0.999813036374931,0.999071867686832,0.999197911637269,16084986.2778658,16096497.1379192,16.0849862778658
USDE,2024-08-26,0.999197911637269,0.999342028272209,0.998700604011714,0.999127238370727,34646885.3257983,34678262.1849087,34.6468853257983
USDE,2024-08-27,0.999127238370727,0.999353984723567,0.9987761553604,0.999242638007481,47556360.3186339,47603471.3609844,47.5563603186339
USDE,2024-08-28,0.999242638007481,0.999329899741103,0.998919909007115,0.999128479642654,40284563.6511897,40319933.0679031,40.2845636511897
USDE,2024-08-29,0.999128479642654,0.999528854180036,0.998983929847097,0.999207963763699,26383981.9862651,26404507.0817402,26.383981986265102
USDE,2024-08-30,0.999207963763699,0.999437285330072,0.998933710826815,0.999391644046511,38931502.1865835,38965119.7549283,38.931502186583494
USDE,2024-08-31,0.999391644046511,0.999870214338781,0.999203239320359,0.99954211168397,13538023.7428452,13545481.5838155,13.5380237428452
USDE,2024-09-01,0.99954211168397,0.999752126617562,0.998691857096743,0.999540819447513,33368361.7633905,33390702.5905536,33.3683617633905
USDE,2024-09-02,0.999540819447513,0.999700793030309,0.999013002678477,0.999447280756286,38037439.6157022,38062068.3411897,38.0374396157022
USDE,2024-09-03,0.999447280756286,0.999702964049297,0.998542782452408,0.999078524100775,40125511.9431913,40160479.6271087,40.1255119431913
USDE,2024-09-04,0.999078524100775,1.00033372116399,0.998920398518045,0.999819098081159,57976288.2742955,58005789.8432274,57.9762882742955
USDE,2024-09-05,0.999819098081159,1.00001382779693,0.999496653341562,0.999729303945896,27192011.7096904,27199377.9416096,27.192011709690398
USDE,2024-09-06,0.999729303945896,0.999890181530904,0.998248776744376,0.99920855236915,40263320.3926056,40294387.5266677,40.2633203926056
USDE,2024-09-07,0.99920855236915,1.00009229570696,0.998827244918404,0.999635566672729,19193437.8122718,19200755.7916693,19.1934378122718
USDE,2024-09-08,0.999635566672729,0.99998072711493,0.998937308709046,0.999528597600394,14140173.0471576,14142694.3341299,14.140173047157601
USDE,2024-09-09,0.999528597600394,0.999920760309355,0.998837052215455,0.999532640905827,30418925.0848439,30428027.5747251,30.4189250848439
USDE,2024-09-10,0.999532640905827,0.999651392155105,0.998281517634882,0.999153153425566,39103807.6849779,39133940.8796777,39.103807684977895
USDE,2024-09-11,0.999153153425566,0.999407479747364,0.99866228556118,0.999317721980716,32599655.028381,32631138.6770689,32.599655028381
USDE,2024-09-12,0.999317721980716,0.999327989371637,0.998717799371499,0.999006712119772,37704388.8389487,37740036.6659356,37.704388838948695
USDE,2024-09-13,0.999006712119772,0.999491552650061,0.998587200414698,0.999470705853681,44540812.3272863,44587106.8212159,44.540812327286304
USDE,2024-09-14,0.999470705853681,0.999610513687205,0.998545102387611,0.999032992978491,192544533.502622,192728594.399641,192.54453350262202
USDE,2024-09-15,0.999032992978491,0.999903227101321,0.998949092729707,0.999565741494714,33070494.1620383,33094034.7080883,33.0704941620383
USDE,2024-09-16,0.999565741494714,0.999903915737103,0.998465171191629,0.999069643895557,24870490.2005836,24891775.4464977,24.8704902005836
USDE,2024-09-17,0.999069643895557,0.999308585788812,0.998407664569811,0.999081551324414,32521646.4879061,32556161.476387,32.5216464879061
USDE,2024-09-18,0.999081551324414,0.999308136599864,0.998607270244249,0.999198193099471,35843814.5919411,35882290.1534193,35.843814591941104
USDE,2024-09-19,0.999198193099471,0.999352201209241,0.998563985943177,0.999092037134588,39060969.7706205,39092051.330669,39.0609697706205
USDE,2024-09-20,0.999092037134588,0.999194032816972,0.998518850037454,0.998901086352282,44766933.049881,44821041.3727161,44.766933049881
USDE,2024-09-21,0.998901086352282,0.999858383977342,0.998704378457169,0.999423057619762,14442878.9072129,14452960.2231921,14.4428789072129
USDE,2024-09-22,0.999423057619762,0.999597584714865,0.999011556661811,0.999104695156994,5702976.38619583,5706781.90678447,5.7029763861958305
USDE,2024-09-23,0.999104695156994,0.999751383258636,0.998727625532754,0.999738582370099,16957970.3308443,16971293.5481454,16.9579703308443
USDE,2024-09-24,0.999738582370099,1.00002227487089,0.998931886257201,0.999960909442028,17333413.8120926,17342706.5466185,17.333413812092598
USDE,2024-09-25,0.999960909442028,0.999982305597528,0.998936600590316,0.998943438025152,15454144.5634704,15460062.785852,15.4541445634704
USDE,2024-09-26,0.998943438025152,0.999929847870542,0.998332733999594,0.999396751827644,20834357.7017667,20849587.2582865,20.8343577017667
USDE,2024-09-27,0.999396751827644,0.999784936040447,0.99910226656264,0.999308237981245,19140819.3397555,19150766.2164379,19.140819339755502
USDE,2024-09-28,0.999308237981245,0.999973561117913,0.9991707272777,0.999900093196673,5822079.5345659,5823955.63347494,5.8220795345659
USDE,2024-09-29,0.999900093196673,1.00029851794948,0.999258435080071,0.999438446309138,11673244.2889135,11675272.4256472,11.6732442889135
USDE,2024-09-30,0.999438446309138,1.00085583073343,0.999216725091119,0.999308535470878,31681857.3917715,31686356.6619425,31.681857391771498
USDE,2024-10-01,0.999308535470878,0.999722283900137,0.998664921245843,0.999143001502942,25619051.9506505,25637426.0570838,25.619051950650498
USDE,2024-10-02,0.999143001502942,1.00049061489643,0.998963110215142,1.00011831510645,20986543.8570589,20987141.8661108,20.9865438570589
USDE,2024-10-03,1.00011831510645,1.00018334613396,0.999237206151668,0.999480326029264,55373243.9759047,55399963.8592011,55.3732439759047
USDE,2024-10-04,0.999480326029264,0.999918244863702,0.998857996376549,0.999672159570995,35407021.4590447,35424271.9847427,35.4070214590447
USDE,2024-10-05,0.999672159570995,0.999901722864383,0.999033987763358,0.999362985099506,12294661.0061759,12301017.3921451,12.2946610061759
USDE,2024-10-06,0.999362985099506,1.00001279806495,0.998924604533834,0.998951122035085,16018181.992453,16028624.1774414,16.018181992453
USDE,2024-10-07,0.998951122035085,0.999394856026295,0.998497722527553,0.998816580005986,23384658.2146615,23408183.4895547,23.384658214661503
USDE,2024-10-08,0.998816580005986,0.998974790792787,0.997712197714884,0.998407756125645,50766959.6976732,50852820.986519,50.7669596976732
USDE,2024-10-09,0.998407756125645,0.998893230835267,0.998008686889402,0.998321384598541,13645731.0446114,13665249.7129091,13.6457310446114
USDE,2024-10-10,0.998321384598541,0.998529360007778,0.996428368450882,0.997997130954457,38844141.4870996,38932911.7850468,38.844141487099606
USDE,2024-10-11,0.997997130954457,0.998981997878503,0.997946581130863,0.998596302761116,29080096.6450345,29120111.2811189,29.080096645034498
USDE,2024-10-12,0.998596302761116,0.999512724544589,0.998533075151433,0.999112428803419,28825939.2335892,28842601.1690303,28.8259392335892
USDE,2024-10-13,0.999112428803419,0.999413557357716,0.998786607382427,0.998883707633959,5400416.35218791,5405317.01626255,5.40041635218791
USDE,2024-10-14,0.998883707633959,0.999350798135132,0.998046072339342,0.99853556630665,24756937.9961161,24786805.5308508,24.7569379961161
USDE,2024-10-15,0.99853556630665,0.999285889868778,0.998262679465146,0.998998111987021,25633201.4359425,25665593.5929267,25.6332014359425
USDE,2024-10-16,0.998998111987021,0.999528879292374,0.99876325378955,0.999265186656741,18746640.2878867,18757878.0409257,18.746640287886702
USDE,2024-10-17,0.999265186656741,0.999512201978869,0.998496773947293,0.99895035717461,23127273.9934502,23146776.3788665,23.1272739934502
USDE,2024-10-18,0.99895035717461,1.00232302534793,0.998685849033418,0.999813838327395,35046279.4584711,35027818.9890067,35.0462794584711
USDE,2024-10-19,0.999813838327395,1.00024902517173,0.999575460245635,0.99996499626576,6097207.1307216,6097678.63176292,6.0972071307216
USDE,2024-10-20,0.99996499626576,1.00213621998828,0.999946124125517,1.00011335643264,10701817.4227616,10693158.9986647,10.7018174227616
USDE,2024-10-21,1.00011335643264,1.00257017194453,0.99960694565757,1.00036833307961,23478235.1538863,23466248.5677464,23.4782351538863
USDE,2024-10-22,1.00036833307961,1.0012594104305,0.999286745316559,1.00058437860022,21586929.8866187,21581028.0640198,21.5869298866187
USDE,2024-10-23,1.00058437860022,1.00089857379649,0.999418703845901,1.0003126508495,38259848.4445329,38239795.1673997,38.2598484445329
USDE,2024-10-24,1.0003126508495,1.00048113589687,0.999235175917199,1.00021859621022,25994437.7922806,25995710.1566751,25.9944377922806
USDE,2024-10-25,1.00021859621022,1.00097664545149,0.998313988612163,0.998875630482073,17732891.6994002,17738333.6424707,17.732891699400202
USDE,2024-10-26,0.998875630482073,1.00010568250757,0.998612776420253,0.999734254542305,21730045.9528993,21743668.5664216,21.7300459528993
USDE,2024-10-27,0.999734254542305,1.00086626728711,0.999381688646613,0.999643918023339,7608228.28203907,7608630.58260816,7.60822828203907
USDE,2024-10-28,0.999643918023339,1.00143064592701,0.999394891207466,1.00022696560781,12496027.8733024,12486375.6201365,12.4960278733024
USDE,2024-10-29,1.00022696560781,1.00262755785569,1.00001996956087,1.00089500731444,27706798.7684648,27669865.3855988,27.7067987684648
USDE,2024-10-30,1.00089500731444,1.00140930813124,1.00043020296301,1.00082587267604,25671224.7982438,25636833.3080024,25.6712247982438
USDE,2024-10-31,1.00082587267604,1.00186483585489,0.999431333974043,1.00001748721343,69264651.532319,69214119.5028009,69.264651532319
USDE,2024-11-01,1.00001748721343,1.00267444406464,0.999701594322385,1.00043548430799,32499179.4178265,32473629.3377329,32.4991794178265
USDE,2024-11-02,1.00043548430799,1.00228571397521,1.00039407885518,1.00076151216176,16127235.1394776,16113152.0692464,16.127235139477598
USDE,2024-11-03,1.00076151216176,1.00173951820194,1.00026501086299,1.00072657952415,24862171.8934686,24839143.5640733,24.8621718934686
USDE,2024-11-04,1.00072657952415,1.00120053832548,1.00019839999657,1.00084942957575,33380605.1480624,33354668.8788528,33.3806051480624
USDE,2024-11-05,1.00084942957575,1.00175769721336,0.998830012392184,1.00083872789825,34701589.4543075,34684962.6790482,34.701589454307495
USDE,2024-11-06,1.00083872789825,1.00227135661306,1.00066763042792,1.00132429808341,38257544.4894822,38199375.9800357,38.2575444894822
USDE,2024-11-07,1.00132429808341,1.00231183038495,1.00044932421899,1.00080776812513,111563472.714644,111397315.348451,111.56347271464399
USDE,2024-11-08,1.00080776812513,1.00166019836592,0.999163178692257,1.00105389145935,72284745.1060923,72192879.578835,72.2847451060923
USDE,2024-11-09,1.00105389145935,1.00854720943314,1.00080445535407,1.00137922262336,29361375.2659139,29325471.8763971,29.3613752659139
USDE,2024-11-10,1.00137922262336,1.0022569949628,1.00095626038874,1.00177601658037,42822534.9738716,42758792.4342948,42.822534973871605
USDE,2024-11-11,1.00177601658037,1.00320074637916,1.00142626343834,1.00247447074168,113626462.137657,113365044.731192,113.626462137657
USDE,2024-11-12,1.00247447074168,1.00247466540354,1.00101563825365,1.00195313351385,44946894.5559753,44859839.1584493,44.946894555975305
USDE,2024-11-13,1.00195313351385,1.00465846915445,0.999049291431539,1.00213966977302,46257593.602646,46143798.5534488,46.257593602646004
USDE,2024-11-14,1.00213966977302,1.00311486854357,0.998609248412601,1.00149368086872,149061769.005333,148828566.184004,149.06176900533302
USDE,2024-11-15,1.00149368086872,1.0024195971269,1.00083717345378,1.00177151224085,80789449.7998409,80660805.917616,80.7894497998409
USDE,2024-11-16,1.00177151224085,1.00346866855783,1.00136291180835,1.00182911573098,82222119.7704247,82071974.2145805,82.2221197704247
USDE,2024-11-17,1.00182911573098,1.00242362436037,1.00098544628219,1.00156004103977,109527828.961291,109361881.548687,109.52782896129101
USDE,2024-11-18,1.00156004103977,1.00248003159919,1.00093324809365,1.00183986208228,99655549.4767013,99497333.6237787,99.65554947670131
USDE,2024-11-19,1.00183986208228,1.0033777390042,1.00134938235392,1.00250068310199,212582862.063378,212133906.62836,212.582862063378
USDE,2024-11-20,1.00250068310199,1.00677056619748,1.0017009875843,1.00205788358332,185598421.193278,185155043.732791,185.59842119327803
USDE,2024-11-21,1.00205788358332,1.00311198012388,1.00110603302121,1.00152629020663,173929169.60308,173618268.657265,173.92916960308
USDE,2024-11-22,1.00152629020663,1.00562769408747,1.00143483297634,1.00219005069762,169001742.8575,168628516.503063,169.00174285749998
USDE,2024-11-23,1.00219005069762,1.00278710188421,1.00147235541706,1.00155461588729,78120408.8903588,77971755.6451697,78.1204088903588
USDE,2024-11-24,1.00155461588729,1.00391513965962,1.00104694367764,1.0020141347441,89153830.3666997,88997587.3968755,89.1538303666997
USDE,2024-11-25,1.0020141347441,1.00366535086778,1.00098915844725,1.00136278722934,83006257.5254549,82854885.2809424,83.0062575254549
USDE,2024-11-26,1.00136278722934,1.00212607223464,1.00022717759732,1.00055802788931,178229633.199158,177995338.527827,178.229633199158
USDE,2024-11-27,1.00055802788931,1.00197047706638,1.00040709502277,1.00100107243794,132485236.657377,132320961.518042,132.48523665737702
USDE,2024-11-28,1.00100107243794,1.00195512268826,1.00061702054847,1.00130636159221,88014614.560442,87880764.1742307,88.014614560442
USDE,2024-11-29,1.00130636159221,1.00197933296983,1.00108104167375,1.00118934124151,277787964.564803,277361568.238118,277.787964564803
USDE,2024-11-30,1.00118934124151,1.00187446273776,1.00105492543246,1.00157213757016,211049699.081844,210747687.371011,211.049699081844
USDE,2024-12-01,1.00157213757016,1.00259627593586,1.00131712193773,1.00192584241702,116397660.109322,116189992.366979,116.39766010932199
USDE,2024-12-02,1.00192584241702,1.0020756900519,1.00081162837946,1.00155759403112,248072699.556791,247701769.519689,248.072699556791
USDE,2024-12-03,1.00155759403112,1.00300033873029,1.000827023061,1.00225120780916,146177307.296881,145942836.691967,146.177307296881
USDE,2024-12-04,1.00225120780916,1.00350732203328,1.00088755561538,1.00250794241175,148805630.101577,148516437.267691,148.805630101577
USDE,2024-12-05,1.00250794241175,1.00317929038667,1.0012941316174,1.00215607404306,211893959.402875,211471578.907418,211.893959402875
USDE,2024-12-06,1.00215607404306,1.00301448934808,1.00133983706082,1.00260959881992,138796539.424475,138499284.478502,138.79653942447501
USDE,2024-12-07,1.00260959881992,1.00294967313552,1.001888593906,1.00221763322126,94419456.9144771,94207903.1643071,94.4194569144771
USDE,2024-12-08,1.00221763322126,1.00226029314914,1.00061531227518,1.00175246067171,119435278.290379,119222438.870761,119.435278290379
USDE,2024-12-09,1.00175246067171,1.00482332724552,1.00045570494255,1.00176384123535,120810971.502305,120607049.008075,120.810971502305
USDE,2024-12-10,1.00176384123535,1.00211556790638,1.00115379630639,1.00186579724696,76581254.2459618,76455141.8215091,76.5812542459618
USDE,2024-12-11,1.00186579724696,1.00585063261727,1.00025889049714,1.00185964169876,122482754.848593,122177250.309874,122.48275484859299
USDE,2024-12-12,1.00185964169876,1.00218781767489,1.00123720786234,1.00166796253578,139123579.1474,138876415.13166,139.1235791474
USDE,2024-12-13,1.00166796253578,1.00380030669119,0.998013864755267,1.00153459746476,155429381.710338,155171944.197515,155.429381710338
USDE,2024-12-14,1.00153459746476,1.00159252610083,1.00095049904138,1.0010648843595,65938328.1839296,65852194.7546563,65.9383281839296
USDE,2024-12-15,1.0010648843595,1.00170952310483,1.00072083582822,1.00105933722419,95982533.2306482,95882033.8146018,95.9825332306482
USDE,2024-12-16,1.00105933722419,1.00160572510781,0.995221118064362,1.0013263581619,98755626.7582471,98694819.0035024,98.7556267582471
USDE,2024-12-17,1.0013263581619,1.00158186432569,1.00074907501158,1.00122284974277,67797741.4537787,67718248.5331945,67.7977414537787
USDE,2024-12-18,1.00122284974277,1.00369702010828,0.999667359219516,1.00047259746355,102993631.244355,102893832.863633,102.99363124435499
USDE,2024-12-19,1.00047259746355,1.00082531924262,0.998202306104833,0.999280525987665,125694187.663636,125732842.295529,125.694187663636
USDE,2024-12-20,0.999280525987665,1.0004699405823,0.994659851209075,0.999608356720381,163450671.583433,163748543.537684,163.450671583433
USDE,2024-12-21,0.999608356720381,1.00165315578612,0.998904303392391,0.999429804345846,37696187.1562412,37709906.8085323,37.6961871562412
USDE,2024-12-22,0.999429804345846,0.999942469824268,0.998853420978386,0.998931568986682,40732624.5152436,40754476.6960622,40.7326245152436
USDE,2024-12-23,0.998931568986682,0.999517102197575,0.997599419123916,0.998441198566935,62851005.9076327,62934219.5920531,62.851005907632704
USDE,2024-12-24,0.998441198566935,0.999873772737424,0.997997669299521,0.999142637000153,64133584.243896,64202437.0577742,64.133584243896
USDE,2024-12-25,0.999142637000153,0.999628263476478,0.99881904515735,0.999602951320578,23113763.4312018,23129331.3505367,23.1137634312018
USDE,2024-12-26,0.999602951320578,0.999782131790617,0.997902225604251,0.997986760440742,46377832.9721139,46433129.848197,46.3778329721139
USDE,2024-12-27,0.997986760440742,0.998449495066091,0.996879630897966,0.997597439378215,51327733.2590785,51438655.3983771,51.3277332590785
USDE,2024-12-28,0.997597439378215,0.998387208358549,0.995924454613974,0.997467100102467,37516075.2834319,37632732.4218104,37.5160752834319
USDE,2024-12-29,0.997467100102467,0.99852942984851,0.995789025076145,0.997621069365611,58126862.1560091,58303398.5364567,58.1268621560091
USDE,2024-12-30,0.997621069365611,0.997990241309255,0.994491060775718,0.997433873128741,40369147.9421481,40497476.0687571,40.369147942148096
USDE,2024-12-31,0.997433873128741,0.99873468371928,0.99629861297601,0.997860806256847,54411188.8180808,54516676.9486823,54.411188818080795
USDE,2025-01-01,0.997860806256847,0.99818291843172,0.997302173681313,0.997692841948609,14822329.4388619,14855659.5540466,14.8223294388619
USDE,2025-01-02,0.997692841948609,0.998471577773562,0.996624410396711,0.997872775860229,49198229.3577616,49314813.2523684,49.1982293577616
USDE,2025-01-03,0.997872775860229,1.00000403777881,0.995781245033967,0.998476256582553,56740481.7069505,56855398.1796641,56.7404817069505
USDE,2025-01-04,0.998476256582553,0.999664561212088,0.997789895751328,0.998836120104155,59506142.4688041,59605260.7644501,59.5061424688041
USDE,2025-01-05,0.998836120104155,0.999821019770228,0.959263922020137,0.998594469325667,51054482.1360565,51150681.4441623,51.0544821360565
USDE,2025-01-06,0.998594469325667,1.00018097555134,0.998429979454231,1.00002798843744,43954320.5929255,43997338.1905376,43.9543205929255
USDE,2025-01-07,1.00002798843744,1.00022806182938,0.998233991843345,0.998673891093112,62337217.09759,62400084.3312491,62.33721709759
USDE,2025-01-08,0.998673891093112,0.999621678329842,0.998316152080846,0.999011700606404,60104079.2895509,60167789.0998719,60.1040792895509
USDE,2025-01-09,0.999011700606404,0.999809366839797,0.996722889299425,0.999138726034538,47452698.4328711,47521006.5442548,47.4526984328711
USDE,2025-01-10,0.999138726034538,1.00132788633989,0.996424087760832,0.998894486695375,64603057.7805562,64691205.0614922,64.6030577805562
USDE,2025-01-11,0.998894486695375,0.999724481228791,0.998765003547681,0.999576623695261,26750422.7115469,26773368.2194607,26.7504227115469
USDE,2025-01-12,0.999576623695261,1.00109104610217,0.999023332075877,0.999621732928436,16495622.7451276,16502154.4197662,16.4956227451276
USDE,2025-01-13,0.999621732928436,1.00017122129831,0.998594210984759,0.999811770699164,42857158.453091,42882369.9879021,42.857158453091
USDE,2025-01-14,0.999811770699164,1.00018026668699,0.999084056579514,0.999440452776501,44392729.9605381,44402645.0144484,44.3927299605381
USDE,2025-01-15,0.999440452776501,1.00113247198285,0.999353095929678,1.00048337656802,30950976.2517117,30943162.2477867,30.9509762517117
USDE,2025-01-16,1.00048337656802,1.00102242403575,0.999743897215428,1.00017508476595,42989255.7862952,42979411.5017431,42.989255786295196
USDE,2025-01-17,1.00017508476595,1.00135036085122,0.999508149205788,1.0004071691672,51854135.8972519,51845065.6793206,51.85413589725189
USDE,2025-01-18,1.0004071691672,1.00127497239807,0.99852196773012,0.998836812038429,61828120.7033236,61857472.2048361,61.828120703323606
USDE,2025-01-19,0.998836812038429,0.999299136653729,0.996632448959748,0.997980290553465,62699902.1423046,62825427.3601142,62.6999021423046
USDE,2025-01-20,0.997980290553465,0.998496679397116,0.996833455293671,0.998150682959191,61202091.7327492,61346982.3172041,61.2020917327492
USDE,2025-01-21,0.998150682959191,0.999541507127187,0.996327334962598,0.999316659024744,82206875.9648828,82431351.4671977,82.20687596488281
USDE,2025-01-22,0.999316659024744,1.00222836700493,0.997283709323893,0.998529642647089,60464603.2197208,60491381.9265026,60.4646032197208
USDE,2025-01-23,0.998529642647089,1.00016207355373,0.998251032670417,0.99954304375444,54468726.2646662,54492723.5662601,54.4687262646662
USDE,2025-01-24,0.99954304375444,1.00057966189552,0.999075712890113,0.999721337720828,32562485.7369138,32564873.5590745,32.5624857369138
USDE,2025-01-25,0.999721337720828,1.00057081333948,0.999635896697504,0.999967400376374,20977138.5609124,20974998.3058707,20.9771385609124
USDE,2025-01-26,0.999967400376374,1.00084175291419,0.999964929021243,1.00042386576092,19225341.0547765,19220999.8139867,19.2253410547765
USDE,2025-01-27,1.00042386576092,1.00079040712193,0.999248131673593,1.00078989194223,45682619.5911825,45691345.0725841,45.6826195911825
USDE,2025-01-28,1.00078989194223,1.00277111472915,1.00044449040345,1.00077081445357,30286641.3762838,30246473.1290137,30.2866413762838
USDE,2025-01-29,1.00077081445357,1.00125070565829,0.999135394278733,1.0010098306519,27146513.8939172,27133088.9846108,27.1465138939172
USDE,2025-01-30,1.0010098306519,1.00175888421565,1.00081739641262,1.00120730870052,20472877.1298168,20440527.9154963,20.4728771298168
USDE,2025-01-31,1.00120730870052,1.00205813085338,1.0006001310344,1.00072142383495,20858671.1692808,20834136.632526,20.8586711692808
USDE,2025-02-01,1.00072142383495,1.0015161738866,1.00043092242211,1.00073536713084,23988864.2923886,23965058.7126216,23.988864292388598
USDE,2025-02-02,1.00073536713084,1.00088412160994,0.99857880440593,0.999048668211886,44569310.5345496,44582847.7200428,44.5693105345496
USDE,2025-02-03,0.999048668211886,1.00099107906539,0.995135144904982,1.00030383032021,135904516.025736,136048505.87636,135.904516025736
USDE,2025-02-04,1.00030383032021,1.00050413104401,0.997654038525181,0.999130047899878,57792968.5983314,57817820.658743,57.7929685983314
USDE,2025-02-05,0.999130047899878,1.00083617650811,0.998863357133236,0.999646668987725,55962904.9361892,55946514.096736,55.9629049361892
USDE,2025-02-06,0.999646668987725,1.01408770466091,0.9995569209688,1.00014684824956,18063362.11968,18057797.486101,18.063362119679997
USDE,2025-02-07,1.00014684824956,1.003858780092,0.999568499819395,1.00050613026633,31439381.7816603,31434605.3725608,31.4393817816603
USDE,2025-02-08,1.00050613026633,1.00055777233956,0.999782292059363,1.00041167385183,18376470.8993505,18368762.2782751,18.3764708993505
USDE,2025-02-09,1.00041167385183,1.00070870631965,1.00010027432228,1.00034182655241,11782968.8721333,11778311.6428519,11.7829688721333
USDE,2025-02-10,1.00034182655241,1.00973174928807,0.999536071542843,0.999555142486166,38830394.9628511,38824629.6855514,38.8303949628511
USDE,2025-02-11,0.999555142486166,1.00089609837364,0.999137920321064,1.0002287089541,45116186.1248505,45112281.0464616,45.11618612485049
USDE,2025-02-12,1.0002287089541,1.00043087043371,0.99931315550116,0.999950336193986,35509349.7397049,35520523.0091411,35.5093497397049
USDE,2025-02-13,0.999950336193986,1.00038163957895,0.999526757582907,1.00017629378281,29279042.1534713,29283847.1969804,29.2790421534713
USDE,2025-02-14,1.00017629378281,1.02039982773479,0.999724571060758,1.0000548978888,51688224.03823,51673605.5052624,51.688224038230004
USDE,2025-02-15,1.0000548978888,1.00046163040865,0.999243699866427,0.999734261653412,25582540.4179666,25581621.2038884,25.5825404179666
USDE,2025-02-16,0.999734261653412,1.02113453504306,0.999044094066168,0.999444550858556,34027022.6486726,34035348.0715359,34.027022648672606
USDE,2025-02-17,0.999444550858556,1.00013786546168,0.99890298005949,0.999411057031962,22537219.4673536,22546696.9983512,22.5372194673536
USDE,2025-02-18,0.999411057031962,0.999712811025479,0.992123309858142,0.999021373427569,51451026.5560791,51517017.4094073,51.4510265560791
USDE,2025-02-19,0.999021373427569,0.9993614696986,0.997499577560431,0.999149439726465,40978617.7776549,41022022.7554261,40.978617777654904
USDE,2025-02-20,0.999149439726465,1.00102725044984,0.997284519927701,0.999662092120119,47051655.6879646,47075886.8373507,47.051655687964605
USDE,2025-02-21,0.999662092120119,1.00016989171122,0.967698105268721,0.996036820037437,191063667.661477,192403259.433547,191.063667661477
USDE,2025-02-22,0.996036820037437,1.02581852128521,0.995723885154882,0.999105988408994,97785192.1625423,97905524.1965991,97.7851921625423
USDE,2025-02-23,0.999105988408994,1.02991465101182,0.998923880395933,1.00016609842796,48241366.2850179,48226950.1314181,48.241366285017904
USDE,2025-02-24,1.00016609842796,1.00114109907491,0.99975246699747,1.0009387675716,58723219.9085599,58706103.0998723,58.723219908559905
USDE,2025-02-25,1.0009387675716,1.00124052703222,0.999524003530983,0.999661572315241,48587155.034604,48564309.8479837,48.587155034603995
USDE,2025-02-26,0.999661572315241,1.00019664601709,0.995344273452501,0.999658357259196,59840564.2875143,59882350.8679195,59.8405642875143
USDE,2025-02-27,0.999658357259196,1.00056218271275,0.99937759201921,1.00002004649283,28562748.8589164,28561921.8168163,28.562748858916397
USDE,2025-02-28,1.00002004649283,1.00041621120089,0.999082624107457,0.99945733761593,61926578.6082481,61953189.6396579,61.9265786082481
USDE,2025-03-01,0.99945733761593,1.00005437728057,0.999048169573047,0.999409344125539,36670794.549357,36688681.2268526,36.670794549357
USDE,2025-03-02,0.999409344125539,1.00020362934585,0.999255382889233,0.999773094177675,46415088.5067887,46425202.9434422,46.4150885067887
USDE,2025-03-03,0.999773094177675,0.999787790035965,0.998822689729926,0.999331029910906,46799589.1103097,46831817.7095788,46.7995891103097
USDE,2025-03-04,0.999331029910906,0.999600582209021,0.998638553759031,0.999456520804751,63753660.3899327,63820500.0468345,63.7536603899327
USDE,2025-03-05,0.999456520804751,1.00060064862046,0.998976486029214,0.99984848614183,41842194.5766422,41864714.2358461,41.8421945766422
USDE,2025-03-06,0.99984848614183,1.00010363301633,0.998598138056391,0.999149621174556,43586950.067096,43605355.079769,43.586950067096005
USDE,2025-03-07,0.999149621174556,1.00230461698329,0.99889831067892,0.999152256443263,40357651.1934316,40380384.3877749,40.3576511934316
USDE,2025-03-08,0.999152256443263,1.00039405384787,0.999000421458752,1.0002615711212,36561980.1439347,36570338.1930928,36.5619801439347
USDE,2025-03-09,1.0002615711212,1.00107852616246,0.999972282305172,1.00021023069731,32049631.1870629,32036922.4349663,32.0496311870629
USDE,2025-03-10,1.00021023069731,1.00068403186492,0.999309990088482,0.999529765571037,47447865.7624632,47449921.6948678,47.447865762463195
USDE,2025-03-11,0.999529765571037,1.00001292307473,0.999403617261779,0.999415677499911,30469485.0004387,30477042.6864414,30.469485000438702
USDE,2025-03-12,0.999415677499911,1.00512246520502,0.998840715079544,0.999323356851969,38854979.1047169,38875322.8877148,38.8549791047169
USDE,2025-03-13,0.999323356851969,1.00009602808943,0.999244191490105,0.999679543598574,28433604.4190067,28436275.9369397,28.433604419006702
USDE,2025-03-14,0.999679543598574,1.00022959941376,0.999561313549809,1.00013287582832,33029004.0705635,33032053.6164607,33.0290040705635
USDE,2025-03-15,1.00013287582832,1.00024041211952,0.999681764718812,0.999960643212913,17767017.5289269,17768340.5635606,17.767017528926903
USDE,2025-03-16,0.999960643212913,1.00004245015115,0.999615356479195,0.999793684520843,16932938.190749,16936085.6515064,16.932938190749002
USDE,2025-03-17,0.999793684520843,1.00062130445129,0.999450164805472,1.0001185796329,28488303.9245486,28493988.7394899,28.4883039245486
USDE,2025-03-18,1.0001185796329,1.0001562789878,0.999809525486572,1.0000412497674,31487031.7634535,31488760.1662607,31.487031763453498
USDE,2025-03-19,1.0000412497674,1.00032934272965,0.999752427956401,1.00032183202787,37571556.4739215,37573894.2829963,37.5715564739215
USDE,2025-03-20,1.00032183202787,1.00239406422663,0.99966505292927,1.00003883734375,35963581.2086027,35963542.9466244,35.9635812086027
USDE,2025-03-21,1.00003883734375,1.0011232549156,0.99869423236121,0.99919489867675,51864244.4848845,51885030.9435237,51.8642444848845
USDE,2025-03-22,0.99919489867675,1.00201670005031,0.998138193320165,0.999752718937059,16821843.2745383,16833354.6299731,16.821843274538303
USDE,2025-03-23,0.999752718937059,1.00352225712165,0.999441116029727,0.999847462490812,17598336.109342,17603605.9492189,17.598336109342
USDE,2025-03-24,0.999847462490812,1.00020484415898,0.999580011930202,0.999857081178395,28647028.1816168,28650024.3703167,28.6470281816168
USDE,2025-03-25,0.999857081178395,0.999907404237695,0.999189590390214,0.999663810187489,39109605.8066812,39131181.2756647,39.1096058066812
USDE,2025-03-26,0.999663810187489,1.00021935783898,0.999422941543942,0.999905279424291,38127203.7435146,38137343.4694319,38.1272037435146
USDE,2025-03-27,0.999905279424291,1.00081390486406,0.995435038950707,0.998830325381128,100640918.491372,100579619.947054,100.640918491372
USDE,2025-03-28,0.998830325381128,0.999628519096522,0.993768576658462,0.99943657929948,80738311.0483764,80793172.1281061,80.7383110483764
USDE,2025-03-29,0.99943657929948,1.00060535245018,0.999435720165367,1.00040877795036,34010929.68853,34014008.138703,34.01092968853
USDE,2025-03-30,1.00040877795036,1.00290040940209,1.00011195427445,1.00061717305801,26688394.6809102,26674101.5629473,26.6883946809102
USDE,2025-03-31,1.00061717305801,1.00220733478211,0.999840658167797,1.00010323687717,54677701.2648709,54646769.583638,54.6777012648709
USDE,2025-04-01,1.00010323687717,1.00191629644224,0.99928019169395,1.00002040173358,75588258.6382062,75608368.2044799,75.5882586382062
USDE,2025-04-02,1.00002040173358,1.00189317732393,0.998929751678845,0.999298146213825,51521249.8914588,51540352.7569215,51.5212498914588
USDE,2025-04-03,0.999298146213825,1.00018622140305,0.998542509847115,0.99960296008344,81335183.1827926,81377245.2574219,81.3351831827926
USDE,2025-04-04,0.99960296008344,1.0020829439019,0.998756246332065,0.998975673048175,67421330.7778167,67453297.6885907,67.42133077781669
USDE,2025-04-05,0.998975673048175,0.999498697812643,0.998839836617053,0.99939715760622,34822750.8200993,34854019.8524628,34.8227508200993
USDE,2025-04-06,0.99939715760622,0.999652928594704,0.990763733616048,0.999030779536729,78334789.618414,78428202.4902776,78.33478961841399
USDE,2025-04-07,0.999030779536729,0.999213086734536,0.997748337394407,0.998937077741104,91240765.090305,91368584.1436045,91.240765090305
USDE,2025-04-08,0.998937077741104,0.999377773056671,0.997216851957445,0.997673789488004,62542999.3948915,62613109.4470957,62.5429993948915
USDE,2025-04-09,0.997673789488004,0.998238375832671,0.995725070943464,0.997893220544657,52886061.889104,53012199.9080053,52.886061889104
USDE,2025-04-10,0.997893220544657,0.99818149388831,0.995855977421357,0.997896260977925,49977523.8063104,50084686.4917065,49.9775238063104
USDE,2025-04-11,0.997896260977925,0.998236564177187,0.997087469609482,0.997585875767111,28968078.8051545,29030935.4018881,28.968078805154498
USDE,2025-04-12,0.997585875767111,0.998660340201235,0.996755874331686,0.998142337365261,34698386.9885414,34764826.3441153,34.6983869885414
USDE,2025-04-13,0.998142337365261,0.998639626217754,0.99704257748243,0.998211889712299,51665701.0033163,51753905.2195343,51.6657010033163
USDE,2025-04-14,0.998211889712299,0.998819919558694,0.997786292038145,0.998746480183469,42580561.6927049,42646208.1171481,42.580561692704904
USDE,2025-04-15,0.998746480183469,0.998843796321214,0.997880251929888,0.998224580963074,36338508.1298915,36392177.1561612,36.3385081298915
USDE,2025-04-16,0.998224580963074,0.99884004047493,0.997553468734899,0.997788742401771,33234105.3770874,33281473.1041729,33.2341053770874
USDE,2025-04-17,0.997788742401771,0.998795311937049,0.997119174880039,0.997515365647411,25346293.8619122,25385515.9748205,25.346293861912198
USDE,2025-04-18,0.997515365647411,0.998658932534857,0.99653430030602,0.997632485313744,19472729.986666,19503817.1324119,19.472729986666
USDE,2025-04-19,0.997632485313744,1.022189130901,0.996972479612895,0.997842480941808,16503446.2201676,16527288.1783655,16.5034462201676
USDE,2025-04-20,0.997842480941808,0.998892134752887,0.997534894745519,0.997550419438964,25562655.9502628,25599767.8508593,25.5626559502628
USDE,2025-04-21,0.997550419438964,1.02703179920972,0.997475985721485,0.998152664808854,20208247.9187844,20237177.0737188,20.208247918784398
USDE,2025-04-22,0.998152664808854,0.999224881782059,0.997474102694033,0.998223370245784,41266042.5760585,41329951.1909292,41.2660425760585
USDE,2025-04-23,0.998223370245784,0.999616594252668,0.997895239741655,0.999523333673067,46109495.2341169,46145249.5995034,46.1094952341169
USDE,2025-04-24,0.999523333673067,0.999756106289905,0.999272976107345,0.999739820238359,39335449.0875083,39356705.4243069,39.3354490875083
USDE,2025-04-25,0.999739820238359,1.00053775839591,0.999542973503032,0.99976821896528,23335221.7714778,23338640.165143,23.3352217714778
USDE,2025-04-26,0.99976821896528,0.999894659162176,0.99921440485702,0.999405042050939,34977943.9217101,34998251.6857555,34.97794392171009
USDE,2025-04-27,0.999405042050939,0.999766241347291,0.999355030801426,0.999501780751194,15816721.0362065,15824589.0328192,15.8167210362065
USDE,2025-04-28,0.999501780751194,1.00002759145435,0.999319880477757,0.999568499910888,105370810.460938,105416635.94114,105.370810460938
USDE,2025-04-29,0.999568499910888,0.999781667299476,0.999394706604431,0.999626723594582,38288961.4305762,38307283.7225236,38.2889614305762
USDE,2025-04-30,0.999626723594582,1.00089242122364,0.999383919618112,1.00048791176607,66554248.2232077,66559216.3045582,66.5542482232077
USDE,2025-05-01,1.00048791176607,1.00505259985622,0.990624692392439,1.00032750321604,51073148.6693786,51056144.0531074,51.073148669378604
USDE,2025-05-02,1.00032750321604,1.00549057329565,1.00029439881206,1.00075568068452,36601117.8036988,36572009.0204548,36.6011178036988
USDE,2025-05-03,1.00075568068452,1.00090951808747,1.00038151658772,1.00084909457319,13573804.4666895,13565643.7631518,13.573804466689499
USDE,2025-05-04,1.00084909457319,1.00292788156248,1.00072043394601,1.00221220647358,14381344.2023438,14361261.8622401,14.381344202343799
USDE,2025-05-05,1.00221220647358,1.0053175011916,1.00137685122136,1.00148886019844,40365469.604523,40278650.0809844,40.365469604523
USDE,2025-05-06,1.00148886019844,1.00382831886447,0.984296899621467,1.00067354622059,27721603.7873785,27695341.0077831,27.721603787378502
USDE,2025-05-07,1.00067354622059,1.0023933778499,1.00010246776063,1.00067350625821,29583568.080837,29570800.4570387,29.583568080837
USDE,2025-05-08,1.00067350625821,1.00139562391527,0.999672590917725,1.00008601483287,53568352.4202818,53553159.1263157,53.5683524202818
USDE,2025-05-09,1.00008601483287,1.00275377566948,0.984818748446275,1.00040397881856,88616645.4196038,88583363.964609,88.6166454196038
USDE,2025-05-10,1.00040397881856,1.00056595684866,0.999827574858969,1.00014029179078,47401018.1781998,47392859.7210837,47.4010181781998
USDE,2025-05-11,1.00014029179078,1.0004004114316,0.999818837447578,1.00026920023319,36062857.7484269,36059126.5628518,36.0628577484269
USDE,2025-05-12,1.00026920023319,1.00146500483652,0.999796833540846,1.00091084916583,60045303.0056028,60020650.5917138,60.0453030056028
USDE,2025-05-13,1.00091084916583,1.00920641686764,1.00029304439826,1.00064180232327,53725497.986029,53677894.6811107,53.725497986029
USDE,2025-05-14,1.00064180232327,1.00074302164108,1.00013988070195,1.00046158908431,70612131.0308789,70584337.935096,70.6121310308789
USDE,2025-05-15,1.00046158908431,1.00313810299276,1.00018148515754,1.0004609363743,53257499.7223491,53227019.0783955,53.2574997223491
USDE,2025-05-16,1.0004609363743,1.0022050490205,1.00016875783838,1.00104058132202,84849691.517669,84791660.6115321,84.849691517669
USDE,2025-05-17,1.00104058132202,1.00131695554955,1.00035622117563,1.00069546859797,50852624.1571709,50816472.2631982,50.8526241571709
USDE,2025-05-18,1.00069546859797,1.00095840309552,1.00027843996085,1.0007637084637,38593092.0753833,38573988.4868059,38.593092075383296
USDE,2025-05-19,1.0007637084637,1.00078598092265,0.999919100616409,1.00010162228923,58461275.8973624,58436431.7102851,58.461275897362405
USDE,2025-05-20,1.00010162228923,1.00069400955337,0.999919269683567,1.00029461592395,95368730.25854,95336377.5636414,95.36873025854
USDE,2025-05-21,1.00029461592395,1.00080127072292,1.00017728278248,1.00039513805622,55249614.9998224,55220024.2954337,55.2496149998224
USDE,2025-05-22,1.00039513805622,1.00062054327248,0.999849617669423,1.00010646445293,61831339.4866325,61817768.9526623,61.8313394866325
USDE,2025-05-23,1.00010646445293,1.00136737104748,0.999781154302479,1.0001807495964,75973697.5674138,75954732.9738212,75.97369756741381
USDE,2025-05-24,1.0001807495964,1.00057464008512,0.999054008891134,0.999582362663772,33185232.7128215,33184408.4696187,33.185232712821495
USDE,2025-05-25,0.999582362663772,1.00041884451719,0.999102149038076,1.0000370762895,34249894.6342803,34260556.6283452,34.2498946342803
USDE,2025-05-26,1.0000370762895,1.00062369590722,0.999568939728597,1.00046256617953,51750107.0482515,51721710.3410079,51.7501070482515
USDE,2025-05-27,1.00046256617953,1.00088072921134,1.00011372752562,1.00031546393289,62325052.0691753,62283102.6666351,62.3250520691753
USDE,2025-05-28,1.00031546393289,1.00216293576902,0.999236920892986,1.000936212132,72371747.6482409,72328300.0186396,72.3717476482409
USDE,2025-05-29,1.000936212132,1.00096254080763,0.998082008587548,0.999343648599621,239693173.024472,239751908.7649,239.693173024472
USDE,2025-05-30,0.999343648599621,1.00008667738261,0.999305873075344,0.999988862603717,98953131.4733361,98975895.9208907,98.9531314733361
USDE,2025-05-31,0.999988862603717,1.00289918486677,0.999841807980364,1.00102424620228,98637544.2052995,98557459.5073184,98.63754420529949
USDE,2025-06-01,1.00102424620228,1.00155201127554,1.00060244379678,1.00094154456637,57308226.7706185,57240781.1594994,57.3082267706185
USDE,2025-06-02,1.00094154456637,1.00681540353234,1.00048096611636,1.00081636388938,86624492.7114496,86547070.7236817,86.62449271144959
USDE,2025-06-03,1.00081636388938,1.0017491991044,1.00039715502737,1.00084643316472,85546951.7268171,85472788.2208756,85.5469517268171
USDE,2025-06-04,1.00084643316472,1.01512539647924,1.00016385627229,1.00059896111297,46535109.0021901,46489252.859701,46.5351090021901
USDE,2025-06-05,1.00059896111297,1.0010880234713,0.999841518882891,1.00099103895176,85532048.1119964,85487578.5138215,85.5320481119964
USDE,2025-06-06,1.00099103895176,1.00245874749664,1.00069155314549,1.00106021205565,61468608.9256146,61386786.2355745,61.4686089256146
USDE,2025-06-07,1.00106021205565,1.00169014223255,1.00042862730373,1.00080212689234,39049244.6199646,39013334.6981046,39.0492446199646
USDE,2025-06-08,1.00080212689234,1.00091244005123,1.00013047017016,1.00056906988864,47370866.1807214,47340853.453721,47.3708661807214
USDE,2025-06-09,1.00056906988864,1.00098157537339,1.00003612650627,1.00072823851933,109798958.29997,109729205.267781,109.79895829997
USDE,2025-06-10,1.00072823851933,1.00095115619855,1.00013192184666,1.00032150643374,61293137.6946444,61263764.8196991,61.2931376946444
USDE,2025-06-11,1.00032150643374,1.0005326494628,0.99994387990355,1.00028895403059,58111585.1947473,58095536.300424,58.1115851947473
USDE,2025-06-12,1.00028895403059,1.00061989293251,0.999393670220877,1.00047538174313,145071236.90744,145046432.216921,145.07123690744
USDE,2025-06-13,1.00047538174313,1.00073772963601,0.999281787955335,1.00015670409487,59106909.8957717,59107329.2192819,59.1069098957717
USDE,2025-06-14,1.00015670409487,1.00035607544594,0.999449284700126,0.99983135727912,23100622.3202556,23098589.9969864,23.1006223202556
USDE,2025-06-15,0.99983135727912,1.00004641731383,0.999128109793309,0.999544724277025,29023247.0973204,29035835.9583871,29.0232470973204
USDE,2025-06-16,0.999544724277025,0.999850327303863,0.999133218783928,0.999401323707147,43770449.7575498,43791708.2983702,43.7704497575498
USDE,2025-06-17,0.999401323707147,0.999617825506507,0.99893010027977,0.999459806932337,36036151.4183229,36057123.0614062,36.0361514183229
USDE,2025-06-18,0.999459806932337,1.0000107890781,0.999124648208444,0.9997935416702,26569862.1060001,26581240.4641722,26.569862106000098
USDE,2025-06-19,0.9997935416702,1.00017550592241,0.999453099698646,0.999843187718096,51223325.0079854,51224483.8824353,51.2233250079854
USDE,2025-06-20,0.999843187718096,1.00166251044097,0.999589688498051,0.999925524752525,106419920.542964,106375998.079761,106.419920542964
USDE,2025-06-21,0.999925524752525,1.00039229856359,0.999594271222407,1.00023376940863,51333200.9933145,51335226.5893711,51.3332009933145
USDE,2025-06-22,1.00023376940863,1.00086370809861,0.999844106592179,1.00066161053073,56765649.6157528,56750520.2810898,56.7656496157528
USDE,2025-06-23,1.00066161053073,1.000843831496,0.999604685162288,1.00017917012025,41719488.8298857,41712543.2464829,41.7194888298857
USDE,2025-06-24,1.00017917012025,1.00029917658064,0.999490581212041,0.999811269063944,44916799.7912021,44915585.2785903,44.916799791202095
USDE,2025-06-25,0.999811269063944,1.00066493587153,0.999625459515618,1.00028272441641,46209740.9343566,46199934.2478594,46.2097409343566
USDE,2025-06-26,1.00028272441641,1.00054272076195,0.999692924722405,0.999816509364958,50742150.0537815,50735917.4090865,50.7421500537815
USDE,2025-06-27,0.999816509364958,1.00035243506252,0.999792366763711,1.00027385535871,34845869.6995123,34843097.065753,34.845869699512306
USDE,2025-06-28,1.00027385535871,1.00044961535569,0.99989489650705,0.999971919396255,19447032.377063,19443234.310896,19.447032377063
USDE,2025-06-29,0.999971919396255,1.00087402497201,0.999885877106385,1.00027821376019,22803409.1549076,22798688.995046,22.803409154907598
USDE,2025-06-30,1.00027821376019,1.00092706637417,0.999820086818151,1.0003380120879,45382916.1443858,45372844.9660509,45.3829161443858
USDE,2025-07-01,1.0003380120879,1.00073691111773,1.00006790846623,1.00020375342867,29159998.0873335,29148796.1187354,29.159998087333502
USDE,2025-07-02,1.00020375342867,1.0003452986603,0.999877495890854,0.999969699747259,51348705.5295071,51342211.9327644,51.3487055295071
USDE,2025-07-03,0.999969699747259,1.00042809675138,0.999864357201624,1.00004258187273,46608934.4892341,46602505.28921,46.608934489234095
USDE,2025-07-04,1.00004258187273,1.00027365966809,0.999921119866007,1.0001200839459,29618810.4101059,29615644.6438101,29.618810410105898
USDE,2025-07-05,1.0001200839459,1.00142313136115,0.999989885644924,1.00021894380456,26093045.8673251,26086227.7757495,26.093045867325102
USDE,2025-07-06,1.00021894380456,1.00037340639365,0.999842641834506,0.99994146756535,28945282.5495142,28940967.7592849,28.9452825495142
USDE,2025-07-07,0.99994146756535,1.00046470133131,0.999789571521817,1.00010515489435,38978062.4307516,38974994.5673202,38.9780624307516
USDE,2025-07-08,1.00010515489435,1.00092972147063,0.999937392134483,1.00081420960885,33443385.9232553,33432271.3924351,33.4433859232553
USDE,2025-07-09,1.00081420960885,1.00237412869105,1.0004110682095,1.00099027112922,59221827.1008497,59160822.5628118,59.2218271008497
USDE,2025-07-10,1.00099027112922,1.00126645873419,1.00058618098305,1.0006967082456,84794361.6380792,84718285.8117096,84.7943616380792
USDE,2025-07-11,1.0006967082456,1.00108450026502,1.0004718611404,1.0006954913114,64052103.356655,64005004.6835992,64.052103356655
USDE,2025-07-12,1.0006954913114,1.00097385889608,0.999920171268371,1.00042281073367,57036596.550319,57010982.3764658,57.036596550319004
USDE,2025-07-13,1.00042281073367,1.00104033336107,1.00023175321718,1.0008713291065,32901555.6771672,32882274.4753992,32.9015556771672
USDE,2025-07-14,1.0008713291065,1.00089107443463,1.00010896785557,1.0004997904325,53233460.003842,53211005.600573,53.233460003842005
USDE,2025-07-15,1.0004997904325,1.00092357897091,1.00018838942562,1.00090985192456,49641601.817152,49618788.5804155,49.641601817152
USDE,2025-07-16,1.00090985192456,1.00192441089385,1.00028630920853,1.00086381496509,60627243.0508639,60584118.6803922,60.627243050863896
USDE,2025-07-17,1.00086381496509,1.00140681500128,1.00018045360233,1.00136316420466,83243065.0259661,83179920.2649778,83.24306502596609
USDE,2025-07-18,1.00136316420466,1.00220788514257,1.00069418338457,1.00171574979965,93094518.6138909,92974247.6675025,93.0945186138909
USDE,2025-07-19,1.00171574979965,1.00190999347726,1.0010594685302,1.00126646608169,57537544.4107782,57455186.9588018,57.5375444107782
USDE,2025-07-20,1.00126646608169,1.00265192292718,1.00089503891168,1.0012028573347,102183359.679395,102057263.923137,102.18335967939501
USDE,2025-07-21,1.0012028573347,1.00349308140465,1.00096311201988,1.00125453844053,112991125.274546,112840815.722857,112.991125274546
USDE,2025-07-22,1.00125453844053,1.00267893817647,1.00107078108371,1.00129583143858,157781758.331893,157347830.568833,157.781758331893
USDE,2025-07-23,1.00129583143858,1.00173424859872,1.00084472816298,1.00115704339495,103043963.132065,102928218.613958,103.043963132065
USDE,2025-07-24,1.00115704339495,1.00205001797853,1.00100379188145,1.00131188068495,52936481.24323,52868217.5245091,52.93648124323
USDE,2025-07-25,1.00131188068495,1.00138077831344,1.00076765244852,1.00092350329738,99848024.7749852,99755444.2745345,99.84802477498519
USDE,2025-07-26,1.00092350329738,1.00138856422398,1.00075367553827,1.00106767734951,96402972.4356474,96303082.4841862,96.4029724356474
USDE,2025-07-27,1.00106767734951,1.00172525030643,1.00089466179672,1.00122687638674,135920595.712852,135752782.410509,135.920595712852
USDE,2025-07-28,1.00122687638674,1.00123230868935,1.00065814121436,1.00082596673167,128154647.977305,128036936.753731,128.154647977305
USDE,2025-07-29,1.00082596673167,1.00098691941083,1.00049832881446,1.00074955736928,134414751.746886,134310265.800472,134.414751746886
USDE,2025-07-30,1.00074955736928,1.00549331280068,1.00032259370326,1.00103435983986,372958783.179289,372627049.738983,372.95878317928896
USDE,2025-07-31,1.00103435983986,1.00383094358539,1.00047313985499,1.00072267240529,381414436.284003,381083724.047029,381.41443628400305
USDE,2025-08-01,1.00072267240529,1.00089433310257,0.998807028248655,1.00045506947976,198119312.981039,198010559.157071,198.11931298103897
USDE,2025-08-02,1.00045506947976,1.00095670794298,1.00041421656572,1.00094424608776,141305135.269955,141203094.236286,141.305135269955
USDE,2025-08-03,1.00094424608776,1.00142683000756,1.00072300100711,1.00113637046399,501235406.632131,500693423.531566,501.235406632131
USDE,2025-08-04,1.00113637046399,1.00133994324345,1.00098116886863,1.0011088524508,71483994.4811554,71401272.6288155,71.48399448115539
